Workbook

Sheet Equalização
B1: LABORATORIO | C1: CLASSE | D1: FAMILIA | E1: MATERIAL | F1: DESCRIÇÃO MATERIAL | G1: Estado | H1: Unidade | I1: Nome da Unidade | J1: Nome Fornecedor | K1: Volume | L1: Baseline | M1: Preço medio realizado | N1: Preço Acordo Vigente | O1: Spend acordo | P1: Fornecedor Contrato vigente | Q1: Preço médio 4T25 e 3T25 | R1: Spend ano Atual Peers | S1: Spend mensal | T1: ∆R$ | U1: ∆% | V1: Preço médio 4T25 e 3T25 | W1: Spend ano consumo | X1: Spend mensal | Y1: ∆R$ | Z1: ∆% | AA1: Premissa deflatora | AB1: Preço projetado | AC1: Spend projetado ano | AD1: ∆R$ projetado compras | AE1: ∆% ano compras | AF1: ∆R$ projetado consumo | AG1: ∆% ano consumo | AH1: STATUS | AI1: cronograma | AJ1: Fornecedor_final | AK1: Preço unit | AL1: Spend Cotado FINAL | AM1: ∆R$ Cotado | AN1: ∆% Cotado | AO1: FIRSTLAB | AP1: MARCA | AQ1: BD MICRO. | AR1: BD COLETA | AS1: CRAL | AT1: BMX MICRO. | AU1: MARCA | AV1: SARSTEDT | AW1: MARCA | AX1: POLAR FIX | AY1: MARCA | AZ1: MAFRA | BA1: MARCA | BB1: TERA MEDICAL | BC1: MARCA | BD1: PLASTLABOR / LABORCLIN | BE1: MARCA | BF1: SENSORIAL | BG1: MARCA | BH1: SOL-MILLENIUM | BI1: NEW PROV | BJ1: MARCA | BK1: DNEDX(TESTE) | BL1: DIPROMED | BM1: MARCA | BN1: DK Diag. | BO1: DOBBER | BP1: MARCA | BQ1: ADVAGEN | BR1: MARCA | BS1: ONMNIA | BT1: BIO-RAD | BU1: INJEX | BV1: ABBOT TESTE RAPIDO | BW1: MEDLEVERSOHN | BX1: GLOBAL TESTES | BY1: MASTER HIGIMED | BZ1: MARCA | CA1: PROBAC | CB1: MARCA | CC1: LABTECH | CD1: MARCA | CE1: ADVAGEM | CF1: MARCA | CG1: AGAR LAB | CH1: MOBIUS | CI1: GREINER | CJ1: WERFEN | CK1: B | CL1: B | CM1: B | CN1: B | CO1: B | CP1: B | CQ1: B | CR1: B | CS1: B | CT1: B | CU1: B | CV1: B | CW1: B | CX1: B | CY1: B | CZ1: B | DA1: B | DB1: B | DC1: B | DD1: B | DE1: B | DF1: C | DG1: C | DH1: C | DI1: C | DJ1: C | DK1: C | DL1: C | DM1: C | DN1: C | DO1: C | DP1: C | DQ1: C | DR1: C | DS1: C | DT1: C | DU1: C | DV1: C | DW1: C | DX1: C | DY1: C | DZ1: C | EA1: C | EB1: C | EC1: C | ED1: C | EE1: C | EF1: C | EG1: C | EH1: C | EI1: C | EJ1: C | EK1: C | EL1: C | EM1: C | EN1: C | EO1: C | EP1: C | EQ1: C | ER1: C | ES1: C | ET1: C | EU1: C | EV1: C | EW1: C | EX1: C | EY1: C | EZ1: C | FA1: C | FB1: C | FC1: C | FD1: C | FE1: C | FF1: C | FG1: C | FH1: C | FI1: C | FJ1: C | FK1: C | FL1: C | FM1: C | FN1: JAN | FO1: FEV | FP1: MAR | FQ1: ABR | FR1: MAI | FS1: JUN | FT1: JUL | FU1: AGO | FV1: SET | FW1: OUT | FX1: NOV | FY1: DEZ | FZ1: TOTAL 2026 | GA1: CARRY-OVER 2027 | GB1: Inicio Captação | GC1: JAN | GD1: FEV | GE1: MAR | GF1: ABR | GG1: MAI | GH1: JUN | GI1: JUL | GJ1: AGO | GK1: SET | GL1: OUT | GM1: NOV | GN1: DEZ | GO1: TOTAL 2026 | GP1: CARRY-OVER 2027 | GQ1: FAROL | GR1: ∆R$ consumo | GS1: ∆% ano | GT1: INICIO CAPTAÇÃO | GU1: JAN | GV1: FEV | GW1: MAR | GX1: ABR | GY1: MAI | GZ1: JUN | HA1: JUL | HB1: AGO | HC1: SET | HD1: OUT | HE1: NOV | HF1: DEZ | HG1: TOTAL 2026 | HH1: CARRY-OVER 2027 | HI1: FAROL | HK1: SKU único (flag) | HL1: SKU único por status (flag) | HM1: Projeção captação | HN1: Quadrante MATRIZ 2x2
A2: =TRIM(E2) -> 209340 | B2: LABORATORIO | C2: PRÉ ANALITICO | D2: TUBO | E2: 209340 | F2: TUBO CONECTOR INJETORA | G2: SP | H2: 3069 | I2: NDI-CD LAPA | J2: BAYER S.A. | K2: 78687 | L2: =M2*K2 -> 1407014.1 | M2: 17.881151 | O2: =N2*K2 -> 0 | Q2: 18.128439 | R2: =IF($Q2="",0,$Q2*$K2) -> 1426472.5 | S2: =R2/12 -> 118872.7 | T2: =IF($Q2=0,0,$R2-$L2) -> 19458.363 | U2: =IFERROR(IF(OR(Q2="",Q2=0),"",T2/L2),"") -> 0.013829544 | V2: 18.084527 | W2: =IF($V2="",0,$V2*$K2) -> 1423017.2 | X2: =W2/12 -> 118584.76 | Y2: =IF($V2=0,0,$W2-$L2) -> 16003.063 | Z2: =IFERROR(IF(OR(V2="",V2=0),"",Y2/L2),"") -> 0.011373776 | AA2: 0.12 | AB2: =Q2-Q2*AA2 -> 15.953026 | AC2: =AB2*K2 -> 1255295.8 | AD2: =AC2-R2 -> -171176.69 | AE2: =IF(R2=0,"",AD2/R2) -> -0.12 | AF2: =AC2-W2 -> -167721.39 | AG2: =AF2/W2 -> -0.11786323 | AH2: NÃO INICIADO | AJ2: =IFERROR(INDEX($AO$1:$FM$1,MATCH($AK2,$AO2:$FM2,0)),"") | AK2: =MIN(AO2:FM2) -> 0 | AL2: =AK2*K2 -> 0 | AM2: =IF(OR(AK2="",AK2=0),0,AL2-$W2) -> 0 | AN2: =IF(AK2=0,"",AM2/$W2) | FN2: =$AD2*#REF! -> #REF! | FO2: =$AD2*#REF! -> #REF! | FP2: =$AD2*#REF! -> #REF! | FQ2: =$AD2*#REF! -> #REF! | FR2: =$AD2*#REF! -> #REF! | FS2: =$AD2*#REF! -> #REF! | FT2: =$AD2*#REF! -> #REF! | FU2: =$AD2*#REF! -> #REF! | ... FY2: =$AD2*#REF! -> #REF! | FZ2: =SUM(FN2:FY2) -> #REF! | GA2: =AD2-FZ2 -> #REF! | GC2: =IF($GB2="jan",$AM2/12,0) -> 0 | GD2: =IF(GC2<>0,GC2,IF($GB2="fev",$AM2/12,0)) -> 0 | GE2: =IF(GD2<>0,GD2,IF($GB2="mar",$AM2/12,0)) -> 0 | GF2: =IF(GE2<>0,GE2,IF($GB2="abr",$AM2/12,0)) -> 0 | GG2: =IF(GF2<>0,GF2,IF($GB2="mai",$AM2/12,0)) -> 0 | GH2: =IF(GG2<>0,GG2,IF($GB2="jun",$AM2/12,0)) -> 0 | GI2: =IF(GH2<>0,GH2,IF($GB2="jul",$AM2/12,0)) -> 0 | GJ2: =IF(GI2<>0,GI2,IF($GB2="ago",$AM2/12,0)) -> 0 | GK2: =IF(GJ2<>0,GJ2,IF($GB2="set",$AM2/12,0)) -> 0 | GL2: =IF(GK2<>0,GK2,IF($GB2="out",$AM2/12,0)) -> 0 | GM2: =IF(GL2<>0,GL2,IF($GB2="nov",$AM2/12,0)) -> 0 | GN2: =IF(GM2<>0,GM2,IF($GB2="dez",$AM2/12,0)) -> 0 | GO2: =SUM(GC2:GN2) -> 0 | GP2: =IF(GB2="","",IF(AM2=0,0,AM2-GO2)) | GQ2: =IF(GO2=0,"",IF(GO2=FZ2,0,IF(GO2<FZ2,1,2))) | GR2: =IF(OR(AK2="",AK2=0),0,AL2-$W2) -> 0 | GS2: =IF(AK2=0,"",GR2/$W2) | GT2: =GB2 | GU2: =IF($GT2="jan",$GR2/12,0) -> 0 | GV2: =IF(GU2<>0,GU2,IF($GT2="fev",$GR2/12,0)) -> 0 | GW2: =IF(GV2<>0,GV2,IF($GT2="mar",$GR2/12,0)) -> 0 | GX2: =IF(GW2<>0,GW2,IF($GT2="abr",$GR2/12,0)) -> 0 | GY2: =IF(GX2<>0,GX2,IF($GT2="mai",$GR2/12,0)) -> 0 | GZ2: =IF(GY2<>0,GY2,IF($GT2="jun",$GR2/12,0)) -> 0 | HA2: =IF(GZ2<>0,GZ2,IF($GT2="jul",$GR2/12,0)) -> 0 | HB2: =IF(HA2<>0,HA2,IF($GT2="ago",$GR2/12,0)) -> 0 | HC2: =IF(HB2<>0,HB2,IF($GT2="set",$GR2/12,0)) -> 0 | HD2: =IF(HC2<>0,HC2,IF($GT2="out",$GR2/12,0)) -> 0 | HE2: =IF(HD2<>0,HD2,IF($GT2="nov",$GR2/12,0)) -> 0 | HF2: =IF(HE2<>0,HE2,IF($GT2="dez",$GR2/12,0)) -> 0 | HG2: =SUM(GU2:HF2) -> 0 | HH2: =IF(GT2=0,"",IF(GR2=0,0,GR2-HG2)) | HI2: =IF(HG2=0,"",IF(HG2=FZ2,0,IF(HG2<FZ2,1,2))) | HK2: 1 | HL2: 1 | HM2: =IF($GB2<>"",$GB2,IFERROR(T(INDEX('MATRIZ 2X2'!$J$20:$J$367,MATCH(UPPER(TRIM(SUBSTITUTE(IF(ISNUMBER(VALUE(LEFT(TRIM(J2),6))),MID(TRIM(J2),FIND(" ",TRIM(J2))+1,300),TRIM(J2)),".",""))),'MATRIZ 2X2'!$P$20:$P$367,0))),"")) | HN2: =IFERROR(INDEX('MATRIZ 2X2'!$G$20:$G$367,MATCH(UPPER(TRIM(SUBSTITUTE(IF(ISNUMBER(VALUE(LEFT(TRIM(J2),6))),MID(TRIM(J2),FIND(" ",TRIM(J2))+1,300),TRIM(J2)),".",""))),'MATRIZ 2X2'!$P$20:$P$367,0)),"")
A3: =TRIM(E3) -> 225698 | B3: LABORATORIO | C3: PRÉ ANALITICO | D3: SERINGA | E3: 225698 | F3: MS LUER ADAPTER 367290 BD REA SOL | G3: SP | H3: 3069 | I3: NDI-CD LAPA | J3: BECTON DICKINSON IND CIRURG LTDA | K3: 999100 | L3: =M3*K3 -> 1167946.7 | M3: 1.1689988 | N3: 1.17 | O3: =N3*K3 -> 1168947 | P3: BECTON DICKINSON INDUSTRIAS CIRURGI | Q3: 1.169 | R3: =IF($Q3="",0,$Q3*$K3) -> 1167947.9 | S3: =R3/12 -> 97328.992 | T3: =IF($Q3=0,0,$R3-$L3) -> 1.19 | U3: =IFERROR(IF(OR(Q3="",Q3=0),"",T3/L3),"") -> 1.0188821e-06 | V3: 1.1689826 | W3: =IF($V3="",0,$V3*$K3) -> 1167930.5 | X3: =W3/12 -> 97327.539 | Y3: =IF($V3=0,0,$W3-$L3) -> -16.24267 | Z3: =IFERROR(IF(OR(V3="",V3=0),"",Y3/L3),"") -> -1.390703e-05 | AA3: 0.12 | AB3: =Q3-Q3*AA3 -> 1.02872 | AC3: =AB3*K3 -> 1027794.2 | AD3: =AC3-R3 -> -140153.75 | AE3: =IF(R3=0,"",AD3/R3) -> -0.12 | AF3: =AC3-W3 -> -140136.32 | AG3: =AF3/W3 -> -0.11998686 | AH3: FINALIZADO | AJ3: =IFERROR(INDEX($AO$1:$FM$1,MATCH($AK3,$AO3:$FM3,0)),"") -> BD COLETA | AK3: =MIN(AO3:FM3) -> 1.169 | AL3: =AK3*K3 -> 1167947.9 | AM3: =IF(OR(AK3="",AK3=0),0,AL3-$W3) -> 17.43267 | AN3: =IF(AK3=0,"",AM3/$W3) -> 1.492612e-05 | AR3: 1.169 | FN3: =$AD3*#REF! -> #REF! | FO3: =$AD3*#REF! -> #REF! | FP3: =$AD3*#REF! -> #REF! | FQ3: =$AD3*#REF! -> #REF! | FR3: =$AD3*#REF! -> #REF! | FS3: =$AD3*#REF! -> #REF! | FT3: =$AD3*#REF! -> #REF! | FU3: =$AD3*#REF! -> #REF! | ... FY3: =$AD3*#REF! -> #REF! | FZ3: =SUM(FN3:FY3) -> #REF! | GA3: =AD3-FZ3 -> #REF! | GB3: JUN | GC3: =IF($GB3="jan",$AM3/12,0) -> 0 | GD3: =IF(GC3<>0,GC3,IF($GB3="fev",$AM3/12,0)) -> 0 | GE3: =IF(GD3<>0,GD3,IF($GB3="mar",$AM3/12,0)) -> 0 | GF3: =IF(GE3<>0,GE3,IF($GB3="abr",$AM3/12,0)) -> 0 | GG3: =IF(GF3<>0,GF3,IF($GB3="mai",$AM3/12,0)) -> 0 | GH3: =IF(GG3<>0,GG3,IF($GB3="jun",$AM3/12,0)) -> 1.4527225 | GI3: =IF(GH3<>0,GH3,IF($GB3="jul",$AM3/12,0)) -> 1.4527225 | GJ3: =IF(GI3<>0,GI3,IF($GB3="ago",$AM3/12,0)) -> 1.4527225 | GK3: =IF(GJ3<>0,GJ3,IF($GB3="set",$AM3/12,0)) -> 1.4527225 | GL3: =IF(GK3<>0,GK3,IF($GB3="out",$AM3/12,0)) -> 1.4527225 | GM3: =IF(GL3<>0,GL3,IF($GB3="nov",$AM3/12,0)) -> 1.4527225 | GN3: =IF(GM3<>0,GM3,IF($GB3="dez",$AM3/12,0)) -> 1.4527225 | GO3: =SUM(GC3:GN3) -> 10.169058 | GP3: =IF(GB3="","",IF(AM3=0,0,AM3-GO3)) -> 7.2636127 | GQ3: =IF(GO3=0,"",IF(GO3=FZ3,0,IF(GO3<FZ3,1,2))) -> #REF! | GR3: =IF(OR(AK3="",AK3=0),0,AL3-$W3) -> 17.43267 | GS3: =IF(AK3=0,"",GR3/$W3) -> 1.492612e-05 | GT3: =GB3 -> JUN | GU3: =IF($GT3="jan",$GR3/12,0) -> 0 | GV3: =IF(GU3<>0,GU3,IF($GT3="fev",$GR3/12,0)) -> 0 | GW3: =IF(GV3<>0,GV3,IF($GT3="mar",$GR3/12,0)) -> 0 | GX3: =IF(GW3<>0,GW3,IF($GT3="abr",$GR3/12,0)) -> 0 | GY3: =IF(GX3<>0,GX3,IF($GT3="mai",$GR3/12,0)) -> 0 | GZ3: =IF(GY3<>0,GY3,IF($GT3="jun",$GR3/12,0)) -> 1.4527225 | HA3: =IF(GZ3<>0,GZ3,IF($GT3="jul",$GR3/12,0)) -> 1.4527225 | HB3: =IF(HA3<>0,HA3,IF($GT3="ago",$GR3/12,0)) -> 1.4527225 | HC3: =IF(HB3<>0,HB3,IF($GT3="set",$GR3/12,0)) -> 1.4527225 | HD3: =IF(HC3<>0,HC3,IF($GT3="out",$GR3/12,0)) -> 1.4527225 | HE3: =IF(HD3<>0,HD3,IF($GT3="nov",$GR3/12,0)) -> 1.4527225 | HF3: =IF(HE3<>0,HE3,IF($GT3="dez",$GR3/12,0)) -> 1.4527225 | HG3: =SUM(GU3:HF3) -> 10.169058 | HH3: =IF(GT3=0,"",IF(GR3=0,0,GR3-HG3)) -> 7.2636127 | HI3: =IF(HG3=0,"",IF(HG3=FZ3,0,IF(HG3<FZ3,1,2))) -> #REF! | HK3: 1 | HL3: 1 | HM3: =IF($GB3<>"",$GB3,IFERROR(T(INDEX('MATRIZ 2X2'!$J$20:$J$367,MATCH(UPPER(TRIM(SUBSTITUTE(IF(ISNUMBER(VALUE(LEFT(TRIM(J3),6))),MID(TRIM(J3),FIND(" ",TRIM(J3))+1,300),TRIM(J3)),".",""))),'MATRIZ 2X2'!$P$20:$P$367,0))),"")) -> JUN | HN3: =IFERROR(INDEX('MATRIZ 2X2'!$G$20:$G$367,MATCH(UPPER(TRIM(SUBSTITUTE(IF(ISNUMBER(VALUE(LEFT(TRIM(J3),6))),MID(TRIM(J3),FIND(" ",TRIM(J3))+1,300),TRIM(J3)),".",""))),'MATRIZ 2X2'!$P$20:$P$367,0)),"")
A4: =TRIM(E4) -> 212235 | B4: LABORATORIO | C4: PRÉ ANALITICO | D4: TUBO | E4: 212235 | F4: VAC GEL SST 5ML 360060 TB 13X100MM | G4: SP | H4: 3069 | I4: NDI-CD LAPA | J4: BECTON DICKINSON IND CIRURG LTDA | K4: 1829500 | L4: =M4*K4 -> 1079394.7 | M4: 0.58999439 | N4: 0.64 | O4: =N4*K4 -> 1170880 | P4: BECTON DICKINSON INDUSTRIAS CIRURGI | Q4: 0.62803448 | R4: =IF($Q4="",0,$Q4*$K4) -> 1148989.1 | S4: =R4/12 -> 95749.09 | T4: =IF($Q4=0,0,$R4-$L4) -> 69594.352 | U4: =IFERROR(IF(OR(Q4="",Q4=0),"",T4/L4),"") -> 0.064475349 | V4: 0.63755821 | W4: =IF($V4="",0,$V4*$K4) -> 1166412.7 | X4: =W4/12 -> 97201.062 | Y4: =IF($V4=0,0,$W4-$L4) -> 87018.012 | Z4: =IFERROR(IF(OR(V4="",V4=0),"",Y4/L4),"") -> 0.080617415 | AA4: 0.12 | AB4: =Q4-Q4*AA4 -> 0.55267034 | AC4: =AB4*K4 -> 1011110.4 | AD4: =AC4-R4 -> -137878.69 | AE4: =IF(R4=0,"",AD4/R4) -> -0.12 | AF4: =AC4-W4 -> -155302.35 | AG4: =AF4/W4 -> -0.13314528 | AH4: FINALIZADO | AJ4: =IFERROR(INDEX($AO$1:$FM$1,MATCH($AK4,$AO4:$FM4,0)),"") -> BD COLETA | AK4: =MIN(AO4:FM4) -> 0.64 | AL4: =AK4*K4 -> 1170880 | AM4: =IF(OR(AK4="",AK4=0),0,AL4-$W4) -> 4467.2575 | AN4: =IF(AK4=0,"",AM4/$W4) -> 0.0038299115 | AR4: 0.64 | FN4: =$AD4*#REF! -> #REF! | FO4: =$AD4*#REF! -> #REF! | FP4: =$AD4*#REF! -> #REF! | FQ4: =$AD4*#REF! -> #REF! | FR4: =$AD4*#REF! -> #REF! | FS4: =$AD4*#REF! -> #REF! | FT4: =$AD4*#REF! -> #REF! | FU4: =$AD4*#REF! -> #REF! | ... FY4: =$AD4*#REF! -> #REF! | FZ4: =SUM(FN4:FY4) -> #REF! | GA4: =AD4-FZ4 -> #REF! | GB4: JUN | GC4: =IF($GB4="jan",$AM4/12,0) -> 0 | GD4: =IF(GC4<>0,GC4,IF($GB4="fev",$AM4/12,0)) -> 0 | GE4: =IF(GD4<>0,GD4,IF($GB4="mar",$AM4/12,0)) -> 0 | GF4: =IF(GE4<>0,GE4,IF($GB4="abr",$AM4/12,0)) -> 0 | GG4: =IF(GF4<>0,GF4,IF($GB4="mai",$AM4/12,0)) -> 0 | GH4: =IF(GG4<>0,GG4,IF($GB4="jun",$AM4/12,0)) -> 372.27146 | GI4: =IF(GH4<>0,GH4,IF($GB4="jul",$AM4/12,0)) -> 372.27146 | GJ4: =IF(GI4<>0,GI4,IF($GB4="ago",$AM4/12,0)) -> 372.27146 | GK4: =IF(GJ4<>0,GJ4,IF($GB4="set",$AM4/12,0)) -> 372.27146 | GL4: =IF(GK4<>0,GK4,IF($GB4="out",$AM4/12,0)) -> 372.27146 | GM4: =IF(GL4<>0,GL4,IF($GB4="nov",$AM4/12,0)) -> 372.27146 | GN4: =IF(GM4<>0,GM4,IF($GB4="dez",$AM4/12,0)) -> 372.27146 | GO4: =SUM(GC4:GN4) -> 2605.9002 | GP4: =IF(GB4="","",IF(AM4=0,0,AM4-GO4)) -> 1861.3573 | GQ4: =IF(GO4=0,"",IF(GO4=FZ4,0,IF(GO4<FZ4,1,2))) -> #REF! | GR4: =IF(OR(AK4="",AK4=0),0,AL4-$W4) -> 4467.2575 | GS4: =IF(AK4=0,"",GR4/$W4) -> 0.0038299115 | GT4: =GB4 -> JUN | GU4: =IF($GT4="jan",$GR4/12,0) -> 0 | GV4: =IF(GU4<>0,GU4,IF($GT4="fev",$GR4/12,0)) -> 0 | GW4: =IF(GV4<>0,GV4,IF($GT4="mar",$GR4/12,0)) -> 0 | GX4: =IF(GW4<>0,GW4,IF($GT4="abr",$GR4/12,0)) -> 0 | GY4: =IF(GX4<>0,GX4,IF($GT4="mai",$GR4/12,0)) -> 0 | GZ4: =IF(GY4<>0,GY4,IF($GT4="jun",$GR4/12,0)) -> 372.27146 | HA4: =IF(GZ4<>0,GZ4,IF($GT4="jul",$GR4/12,0)) -> 372.27146 | HB4: =IF(HA4<>0,HA4,IF($GT4="ago",$GR4/12,0)) -> 372.27146 | HC4: =IF(HB4<>0,HB4,IF($GT4="set",$GR4/12,0)) -> 372.27146 | HD4: =IF(HC4<>0,HC4,IF($GT4="out",$GR4/12,0)) -> 372.27146 | HE4: =IF(HD4<>0,HD4,IF($GT4="nov",$GR4/12,0)) -> 372.27146 | HF4: =IF(HE4<>0,HE4,IF($GT4="dez",$GR4/12,0)) -> 372.27146 | HG4: =SUM(GU4:HF4) -> 2605.9002 | HH4: =IF(GT4=0,"",IF(GR4=0,0,GR4-HG4)) -> 1861.3573 | HI4: =IF(HG4=0,"",IF(HG4=FZ4,0,IF(HG4<FZ4,1,2))) -> #REF! | HK4: 1 | HL4: 1 | HM4: =IF($GB4<>"",$GB4,IFERROR(T(INDEX('MATRIZ 2X2'!$J$20:$J$367,MATCH(UPPER(TRIM(SUBSTITUTE(IF(ISNUMBER(VALUE(LEFT(TRIM(J4),6))),MID(TRIM(J4),FIND(" ",TRIM(J4))+1,300),TRIM(J4)),".",""))),'MATRIZ 2X2'!$P$20:$P$367,0))),"")) -> JUN | HN4: =IFERROR(INDEX('MATRIZ 2X2'!$G$20:$G$367,MATCH(UPPER(TRIM(SUBSTITUTE(IF(ISNUMBER(VALUE(LEFT(TRIM(J4),6))),MID(TRIM(J4),FIND(" ",TRIM(J4))+1,300),TRIM(J4)),".",""))),'MATRIZ 2X2'!$P$20:$P$367,0)),"")
A5: =TRIM(E5) -> 150420 | B5: LABORATORIO | C5: PRÉ ANALITICO | D5: AGULHA | E5: 150420 | F5: AGULHA MULTI COL SANG DISPSEG 21G 368607 | G5: SP | H5: 3069 | I5: NDI-CD LAPA | J5: BECTON DICKINSON IND CIRURG LTDA | K5: 1578672 | L5: =M5*K5 -> 1057735.6 | M5: 0.67001608 | N5: 0.74 | O5: =N5*K5 -> 1168217.3 | P5: BECTON DICKINSON INDUSTRIAS CIRURGI | Q5: 0.77025788 | R5: =IF($Q5="",0,$Q5*$K5) -> 1215984.6 | S5: =R5/12 -> 101332.05 | T5: =IF($Q5=0,0,$R5-$L5) -> 158248.92 | U5: =IFERROR(IF(OR(Q5="",Q5=0),"",T5/L5),"") -> 0.14961104 | V5: 0.79462732 | W5: =IF($V5="",0,$V5*$K5) -> 1254455.9 | X5: =W5/12 -> 104537.99 | Y5: =IF($V5=0,0,$W5-$L5) -> 196720.28 | Z5: =IFERROR(IF(OR(V5="",V5=0),"",Y5/L5),"") -> 0.18598246 | AA5: 0.12 | AB5: =Q5-Q5*AA5 -> 0.67782694 | AC5: =AB5*K5 -> 1070066.4 | AD5: =AC5-R5 -> -145918.15 | AE5: =IF(R5=0,"",AD5/R5) -> -0.12 | AF5: =AC5-W5 -> -184389.5 | AG5: =AF5/W5 -> -0.14698763 | AH5: FINALIZADO | AJ5: =IFERROR(INDEX($AO$1:$FM$1,MATCH($AK5,$AO5:$FM5,0)),"") -> BD COLETA | AK5: =MIN(AO5:FM5) -> 0.74 | AL5: =AK5*K5 -> 1168217.3 | AM5: =IF(OR(AK5="",AK5=0),0,AL5-$W5) -> -86238.627 | AN5: =IF(AK5=0,"",AM5/$W5) -> -0.068745842 | AR5: 0.74 | BY5: 1.1544 | BZ5: LABOR IMPORT | FN5: =$AD5*#REF! -> #REF! | FO5: =$AD5*#REF! -> #REF! | FP5: =$AD5*#REF! -> #REF! | FQ5: =$AD5*#REF! -> #REF! | FR5: =$AD5*#REF! -> #REF! | FS5: =$AD5*#REF! -> #REF! | FT5: =$AD5*#REF! -> #REF! | FU5: =$AD5*#REF! -> #REF! | ... FY5: =$AD5*#REF! -> #REF! | FZ5: =SUM(FN5:FY5) -> #REF! | GA5: =AD5-FZ5 -> #REF! | GB5: JUN | GC5: =IF($GB5="jan",$AM5/12,0) -> 0 | GD5: =IF(GC5<>0,GC5,IF($GB5="fev",$AM5/12,0)) -> 0 | GE5: =IF(GD5<>0,GD5,IF($GB5="mar",$AM5/12,0)) -> 0 | GF5: =IF(GE5<>0,GE5,IF($GB5="abr",$AM5/12,0)) -> 0 | GG5: =IF(GF5<>0,GF5,IF($GB5="mai",$AM5/12,0)) -> 0 | GH5: =IF(GG5<>0,GG5,IF($GB5="jun",$AM5/12,0)) -> -7186.5523 | GI5: =IF(GH5<>0,GH5,IF($GB5="jul",$AM5/12,0)) -> -7186.5523 | GJ5: =IF(GI5<>0,GI5,IF($GB5="ago",$AM5/12,0)) -> -7186.5523 | GK5: =IF(GJ5<>0,GJ5,IF($GB5="set",$AM5/12,0)) -> -7186.5523 | GL5: =IF(GK5<>0,GK5,IF($GB5="out",$AM5/12,0)) -> -7186.5523 | GM5: =IF(GL5<>0,GL5,IF($GB5="nov",$AM5/12,0)) -> -7186.5523 | GN5: =IF(GM5<>0,GM5,IF($GB5="dez",$AM5/12,0)) -> -7186.5523 | GO5: =SUM(GC5:GN5) -> -50305.866 | GP5: =IF(GB5="","",IF(AM5=0,0,AM5-GO5)) -> -35932.761 | GQ5: =IF(GO5=0,"",IF(GO5=FZ5,0,IF(GO5<FZ5,1,2))) -> #REF! | GR5: =IF(OR(AK5="",AK5=0),0,AL5-$W5) -> -86238.627 | GS5: =IF(AK5=0,"",GR5/$W5) -> -0.068745842 | GT5: =GB5 -> JUN | GU5: =IF($GT5="jan",$GR5/12,0) -> 0 | GV5: =IF(GU5<>0,GU5,IF($GT5="fev",$GR5/12,0)) -> 0 | GW5: =IF(GV5<>0,GV5,IF($GT5="mar",$GR5/12,0)) -> 0 | GX5: =IF(GW5<>0,GW5,IF($GT5="abr",$GR5/12,0)) -> 0 | GY5: =IF(GX5<>0,GX5,IF($GT5="mai",$GR5/12,0)) -> 0 | GZ5: =IF(GY5<>0,GY5,IF($GT5="jun",$GR5/12,0)) -> -7186.5523 | HA5: =IF(GZ5<>0,GZ5,IF($GT5="jul",$GR5/12,0)) -> -7186.5523 | HB5: =IF(HA5<>0,HA5,IF($GT5="ago",$GR5/12,0)) -> -7186.5523 | HC5: =IF(HB5<>0,HB5,IF($GT5="set",$GR5/12,0)) -> -7186.5523 | HD5: =IF(HC5<>0,HC5,IF($GT5="out",$GR5/12,0)) -> -7186.5523 | HE5: =IF(HD5<>0,HD5,IF($GT5="nov",$GR5/12,0)) -> -7186.5523 | HF5: =IF(HE5<>0,HE5,IF($GT5="dez",$GR5/12,0)) -> -7186.5523 | HG5: =SUM(GU5:HF5) -> -50305.866 | HH5: =IF(GT5=0,"",IF(GR5=0,0,GR5-HG5)) -> -35932.761 | HI5: =IF(HG5=0,"",IF(HG5=FZ5,0,IF(HG5<FZ5,1,2))) -> #REF! | HK5: 1 | HL5: 1 | HM5: =IF($GB5<>"",$GB5,IFERROR(T(INDEX('MATRIZ 2X2'!$J$20:$J$367,MATCH(UPPER(TRIM(SUBSTITUTE(IF(ISNUMBER(VALUE(LEFT(TRIM(J5),6))),MID(TRIM(J5),FIND(" ",TRIM(J5))+1,300),TRIM(J5)),".",""))),'MATRIZ 2X2'!$P$20:$P$367,0))),"")) -> JUN | HN5: =IFERROR(INDEX('MATRIZ 2X2'!$G$20:$G$367,MATCH(UPPER(TRIM(SUBSTITUTE(IF(ISNUMBER(VALUE(LEFT(TRIM(J5),6))),MID(TRIM(J5),FIND(" ",TRIM(J5))+1,300),TRIM(J5)),".",""))),'MATRIZ 2X2'!$P$20:$P$367,0)),"")
A6: =TRIM(E6) -> 171430 | B6: LABORATORIO | C6: PRÉ ANALITICO | D6: ESCALPE | E6: 171430 | F6: ESCALPE COL SANG DISP SEGUR 23GX7 367256 | G6: CE | H6: 2045 | I6: HAM-CD FORTALEZA | J6: BECTON DICKINSON IND CIRURG LTDA | K6: 344600 | L6: =M6*K6 -> 951078.12 | M6: 2.7599481 | N6: 2.3 | O6: =N6*K6 -> 792580 | P6: BECTON DICKINSON INDUSTRIAS CIRURGI | Q6: 2.8630492 | R6: =IF($Q6="",0,$Q6*$K6) -> 986606.75 | S6: =R6/12 -> 82217.229 | T6: =IF($Q6=0,0,$R6-$L6) -> 35528.631 | U6: =IFERROR(IF(OR(Q6="",Q6=0),"",T6/L6),"") -> 0.037356164 | V6: 2.863338 | W6: =IF($V6="",0,$V6*$K6) -> 986706.27 | X6: =W6/12 -> 82225.523 | Y6: =IF($V6=0,0,$W6-$L6) -> 35628.152 | Z6: =IFERROR(IF(OR(V6="",V6=0),"",Y6/L6),"") -> 0.037460805 | AA6: 0.12 | AB6: =Q6-Q6*AA6 -> 2.5194833 | AC6: =AB6*K6 -> 868213.94 | AD6: =AC6-R6 -> -118392.81 | AE6: =IF(R6=0,"",AD6/R6) -> -0.12 | AF6: =AC6-W6 -> -118492.33 | AG6: =AF6/W6 -> -0.12008876 | AH6: FINALIZADO | AJ6: =IFERROR(INDEX($AO$1:$FM$1,MATCH($AK6,$AO6:$FM6,0)),"") -> BD COLETA | AK6: =MIN(AO6:FM6) -> 2.12 | AL6: =AK6*K6 -> 730552 | AM6: =IF(OR(AK6="",AK6=0),0,AL6-$W6) -> -256154.27 | AN6: =IF(AK6=0,"",AM6/$W6) -> -0.2596054 | AR6: 2.12 | FN6: =$AD6*#REF! -> #REF! | FO6: =$AD6*#REF! -> #REF! | FP6: =$AD6*#REF! -> #REF! | FQ6: =$AD6*#REF! -> #REF! | FR6: =$AD6*#REF! -> #REF! | FS6: =$AD6*#REF! -> #REF! | FT6: =$AD6*#REF! -> #REF! | FU6: =$AD6*#REF! -> #REF! | ... FY6: =$AD6*#REF! -> #REF! | FZ6: =SUM(FN6:FY6) -> #REF! | GA6: =AD6-FZ6 -> #REF! | GB6: JUN | GC6: =IF($GB6="jan",$AM6/12,0) -> 0 | GD6: =IF(GC6<>0,GC6,IF($GB6="fev",$AM6/12,0)) -> 0 | GE6: =IF(GD6<>0,GD6,IF($GB6="mar",$AM6/12,0)) -> 0 | GF6: =IF(GE6<>0,GE6,IF($GB6="abr",$AM6/12,0)) -> 0 | GG6: =IF(GF6<>0,GF6,IF($GB6="mai",$AM6/12,0)) -> 0 | GH6: =IF(GG6<>0,GG6,IF($GB6="jun",$AM6/12,0)) -> -21346.189 | GI6: =IF(GH6<>0,GH6,IF($GB6="jul",$AM6/12,0)) -> -21346.189 | GJ6: =IF(GI6<>0,GI6,IF($GB6="ago",$AM6/12,0)) -> -21346.189 | GK6: =IF(GJ6<>0,GJ6,IF($GB6="set",$AM6/12,0)) -> -21346.189 | GL6: =IF(GK6<>0,GK6,IF($GB6="out",$AM6/12,0)) -> -21346.189 | GM6: =IF(GL6<>0,GL6,IF($GB6="nov",$AM6/12,0)) -> -21346.189 | GN6: =IF(GM6<>0,GM6,IF($GB6="dez",$AM6/12,0)) -> -21346.189 | GO6: =SUM(GC6:GN6) -> -149423.33 | GP6: =IF(GB6="","",IF(AM6=0,0,AM6-GO6)) -> -106730.95 | GQ6: =IF(GO6=0,"",IF(GO6=FZ6,0,IF(GO6<FZ6,1,2))) -> #REF! | GR6: =IF(OR(AK6="",AK6=0),0,AL6-$W6) -> -256154.27 | GS6: =IF(AK6=0,"",GR6/$W6) -> -0.2596054 | GT6: =GB6 -> JUN | GU6: =IF($GT6="jan",$GR6/12,0) -> 0 | GV6: =IF(GU6<>0,GU6,IF($GT6="fev",$GR6/12,0)) -> 0 | GW6: =IF(GV6<>0,GV6,IF($GT6="mar",$GR6/12,0)) -> 0 | GX6: =IF(GW6<>0,GW6,IF($GT6="abr",$GR6/12,0)) -> 0 | GY6: =IF(GX6<>0,GX6,IF($GT6="mai",$GR6/12,0)) -> 0 | GZ6: =IF(GY6<>0,GY6,IF($GT6="jun",$GR6/12,0)) -> -21346.189 | HA6: =IF(GZ6<>0,GZ6,IF($GT6="jul",$GR6/12,0)) -> -21346.189 | HB6: =IF(HA6<>0,HA6,IF($GT6="ago",$GR6/12,0)) -> -21346.189 | HC6: =IF(HB6<>0,HB6,IF($GT6="set",$GR6/12,0)) -> -21346.189 | HD6: =IF(HC6<>0,HC6,IF($GT6="out",$GR6/12,0)) -> -21346.189 | HE6: =IF(HD6<>0,HD6,IF($GT6="nov",$GR6/12,0)) -> -21346.189 | HF6: =IF(HE6<>0,HE6,IF($GT6="dez",$GR6/12,0)) -> -21346.189 | HG6: =SUM(GU6:HF6) -> -149423.33 | HH6: =IF(GT6=0,"",IF(GR6=0,0,GR6-HG6)) -> -106730.95 | HI6: =IF(HG6=0,"",IF(HG6=FZ6,0,IF(HG6<FZ6,1,2))) -> #REF! | HK6: 1 | HL6: 1 | HM6: =IF($GB6<>"",$GB6,IFERROR(T(INDEX('MATRIZ 2X2'!$J$20:$J$367,MATCH(UPPER(TRIM(SUBSTITUTE(IF(ISNUMBER(VALUE(LEFT(TRIM(J6),6))),MID(TRIM(J6),FIND(" ",TRIM(J6))+1,300),TRIM(J6)),".",""))),'MATRIZ 2X2'!$P$20:$P$367,0))),"")) -> JUN | HN6: =IFERROR(INDEX('MATRIZ 2X2'!$G$20:$G$367,MATCH(UPPER(TRIM(SUBSTITUTE(IF(ISNUMBER(VALUE(LEFT(TRIM(J6),6))),MID(TRIM(J6),FIND(" ",TRIM(J6))+1,300),TRIM(J6)),".",""))),'MATRIZ 2X2'!$P$20:$P$367,0)),"")
A7: =TRIM(E7) -> 211181 | B7: LABORATORIO | C7: PRÉ ANALITICO | D7: TUBO | E7: 211181 | F7: TUBO HEMATOLOGIA AM SORO 3.5ML BD 360059 | G7: SP | H7: 3069 | I7: NDI-CD LAPA | J7: BECTON DICKINSON IND CIRURG LTDA | K7: 1534100 | L7: =M7*K7 -> 859096 | M7: 0.56 | N7: 0.58 | O7: =N7*K7 -> 889778 | P7: BECTON DICKINSON INDUSTRIAS CIRURGI | Q7: 0.56121084 | R7: =IF($Q7="",0,$Q7*$K7) -> 860953.55 | S7: =R7/12 -> 71746.129 | T7: =IF($Q7=0,0,$R7-$L7) -> 1857.547 | U7: =IFERROR(IF(OR(Q7="",Q7=0),"",T7/L7),"") -> 0.0021622112 | V7: 0.56086563 | W7: =IF($V7="",0,$V7*$K7) -> 860423.96 | X7: =W7/12 -> 71701.997 | Y7: =IF($V7=0,0,$W7-$L7) -> 1327.96 | Z7: =IFERROR(IF(OR(V7="",V7=0),"",Y7/L7),"") -> 0.0015457644 | AA7: 0.12 | AB7: =Q7-Q7*AA7 -> 0.49386554 | AC7: =AB7*K7 -> 757639.12 | AD7: =AC7-R7 -> -103314.43 | AE7: =IF(R7=0,"",AD7/R7) -> -0.12 | AF7: =AC7-W7 -> -102784.84 | AG7: =AF7/W7 -> -0.11945836 | AH7: FINALIZADO | AJ7: =IFERROR(INDEX($AO$1:$FM$1,MATCH($AK7,$AO7:$FM7,0)),"") -> BD COLETA | AK7: =MIN(AO7:FM7) -> 0.58 | AL7: =AK7*K7 -> 889778 | AM7: =IF(OR(AK7="",AK7=0),0,AL7-$W7) -> 29354.04 | AN7: =IF(AK7=0,"",AM7/$W7) -> 0.034115786 | AR7: 0.58 | FN7: =$AD7*#REF! -> #REF! | FO7: =$AD7*#REF! -> #REF! | FP7: =$AD7*#REF! -> #REF! | FQ7: =$AD7*#REF! -> #REF! | FR7: =$AD7*#REF! -> #REF! | FS7: =$AD7*#REF! -> #REF! | FT7: =$AD7*#REF! -> #REF! | FU7: =$AD7*#REF! -> #REF! | ... FY7: =$AD7*#REF! -> #REF! | FZ7: =SUM(FN7:FY7) -> #REF! | GA7: =AD7-FZ7 -> #REF! | GB7: JUN | GC7: =IF($GB7="jan",$AM7/12,0) -> 0 | GD7: =IF(GC7<>0,GC7,IF($GB7="fev",$AM7/12,0)) -> 0 | GE7: =IF(GD7<>0,GD7,IF($GB7="mar",$AM7/12,0)) -> 0 | GF7: =IF(GE7<>0,GE7,IF($GB7="abr",$AM7/12,0)) -> 0 | GG7: =IF(GF7<>0,GF7,IF($GB7="mai",$AM7/12,0)) -> 0 | GH7: =IF(GG7<>0,GG7,IF($GB7="jun",$AM7/12,0)) -> 2446.17 | GI7: =IF(GH7<>0,GH7,IF($GB7="jul",$AM7/12,0)) -> 2446.17 | GJ7: =IF(GI7<>0,GI7,IF($GB7="ago",$AM7/12,0)) -> 2446.17 | GK7: =IF(GJ7<>0,GJ7,IF($GB7="set",$AM7/12,0)) -> 2446.17 | GL7: =IF(GK7<>0,GK7,IF($GB7="out",$AM7/12,0)) -> 2446.17 | GM7: =IF(GL7<>0,GL7,IF($GB7="nov",$AM7/12,0)) -> 2446.17 | GN7: =IF(GM7<>0,GM7,IF($GB7="dez",$AM7/12,0)) -> 2446.17 | GO7: =SUM(GC7:GN7) -> 17123.19 | GP7: =IF(GB7="","",IF(AM7=0,0,AM7-GO7)) -> 12230.85 | GQ7: =IF(GO7=0,"",IF(GO7=FZ7,0,IF(GO7<FZ7,1,2))) -> #REF! | GR7: =IF(OR(AK7="",AK7=0),0,AL7-$W7) -> 29354.04 | GS7: =IF(AK7=0,"",GR7/$W7) -> 0.034115786 | GT7: =GB7 -> JUN | GU7: =IF($GT7="jan",$GR7/12,0) -> 0 | GV7: =IF(GU7<>0,GU7,IF($GT7="fev",$GR7/12,0)) -> 0 | GW7: =IF(GV7<>0,GV7,IF($GT7="mar",$GR7/12,0)) -> 0 | GX7: =IF(GW7<>0,GW7,IF($GT7="abr",$GR7/12,0)) -> 0 | GY7: =IF(GX7<>0,GX7,IF($GT7="mai",$GR7/12,0)) -> 0 | GZ7: =IF(GY7<>0,GY7,IF($GT7="jun",$GR7/12,0)) -> 2446.17 | HA7: =IF(GZ7<>0,GZ7,IF($GT7="jul",$GR7/12,0)) -> 2446.17 | HB7: =IF(HA7<>0,HA7,IF($GT7="ago",$GR7/12,0)) -> 2446.17 | HC7: =IF(HB7<>0,HB7,IF($GT7="set",$GR7/12,0)) -> 2446.17 | HD7: =IF(HC7<>0,HC7,IF($GT7="out",$GR7/12,0)) -> 2446.17 | HE7: =IF(HD7<>0,HD7,IF($GT7="nov",$GR7/12,0)) -> 2446.17 | HF7: =IF(HE7<>0,HE7,IF($GT7="dez",$GR7/12,0)) -> 2446.17 | HG7: =SUM(GU7:HF7) -> 17123.19 | HH7: =IF(GT7=0,"",IF(GR7=0,0,GR7-HG7)) -> 12230.85 | HI7: =IF(HG7=0,"",IF(HG7=FZ7,0,IF(HG7<FZ7,1,2))) -> #REF! | HK7: 1 | HL7: 1 | HM7: =IF($GB7<>"",$GB7,IFERROR(T(INDEX('MATRIZ 2X2'!$J$20:$J$367,MATCH(UPPER(TRIM(SUBSTITUTE(IF(ISNUMBER(VALUE(LEFT(TRIM(J7),6))),MID(TRIM(J7),FIND(" ",TRIM(J7))+1,300),TRIM(J7)),".",""))),'MATRIZ 2X2'!$P$20:$P$367,0))),"")) -> JUN | HN7: =IFERROR(INDEX('MATRIZ 2X2'!$G$20:$G$367,MATCH(UPPER(TRIM(SUBSTITUTE(IF(ISNUMBER(VALUE(LEFT(TRIM(J7),6))),MID(TRIM(J7),FIND(" ",TRIM(J7))+1,300),TRIM(J7)),".",""))),'MATRIZ 2X2'!$P$20:$P$367,0)),"")
A8: =TRIM(E8) -> 171430 | B8: LABORATORIO | C8: PRÉ ANALITICO | D8: ESCALPE | E8: 171430 | F8: ESCALPE COL SANG DISP SEGUR 23GX7 367256 | G8: SP | H8: 3069 | I8: NDI-CD LAPA | J8: BECTON DICKINSON IND CIRURG LTDA | K8: 302800 | L8: =M8*K8 -> 834624.52 | M8: 2.7563557 | N8: 2.3 | O8: =N8*K8 -> 696440 | P8: BECTON DICKINSON INDUSTRIAS CIRURGI | Q8: 2.8630492 | R8: =IF($Q8="",0,$Q8*$K8) -> 866931.29 | S8: =R8/12 -> 72244.275 | T8: =IF($Q8=0,0,$R8-$L8) -> 32306.775 | U8: =IFERROR(IF(OR(Q8="",Q8=0),"",T8/L8),"") -> 0.038708154 | V8: 2.863338 | W8: =IF($V8="",0,$V8*$K8) -> 867018.74 | X8: =W8/12 -> 72251.562 | Y8: =IF($V8=0,0,$W8-$L8) -> 32394.224 | Z8: =IFERROR(IF(OR(V8="",V8=0),"",Y8/L8),"") -> 0.038812931 | AA8: 0.12 | AB8: =Q8-Q8*AA8 -> 2.5194833 | AC8: =AB8*K8 -> 762899.54 | AD8: =AC8-R8 -> -104031.76 | AE8: =IF(R8=0,"",AD8/R8) -> -0.12 | AF8: =AC8-W8 -> -104119.2 | AG8: =AF8/W8 -> -0.12008876 | AH8: FINALIZADO | AJ8: =IFERROR(INDEX($AO$1:$FM$1,MATCH($AK8,$AO8:$FM8,0)),"") -> BD COLETA | AK8: =MIN(AO8:FM8) -> 2.12 | AL8: =AK8*K8 -> 641936 | AM8: =IF(OR(AK8="",AK8=0),0,AL8-$W8) -> -225082.74 | AN8: =IF(AK8=0,"",AM8/$W8) -> -0.2596054 | AR8: 2.12 | FN8: =$AD8*#REF! -> #REF! | FO8: =$AD8*#REF! -> #REF! | FP8: =$AD8*#REF! -> #REF! | FQ8: =$AD8*#REF! -> #REF! | FR8: =$AD8*#REF! -> #REF! | FS8: =$AD8*#REF! -> #REF! | FT8: =$AD8*#REF! -> #REF! | FU8: =$AD8*#REF! -> #REF! | ... FY8: =$AD8*#REF! -> #REF! | FZ8: =SUM(FN8:FY8) -> #REF! | GA8: =AD8-FZ8 -> #REF! | GB8: JUN | GC8: =IF($GB8="jan",$AM8/12,0) -> 0 | GD8: =IF(GC8<>0,GC8,IF($GB8="fev",$AM8/12,0)) -> 0 | GE8: =IF(GD8<>0,GD8,IF($GB8="mar",$AM8/12,0)) -> 0 | GF8: =IF(GE8<>0,GE8,IF($GB8="abr",$AM8/12,0)) -> 0 | GG8: =IF(GF8<>0,GF8,IF($GB8="mai",$AM8/12,0)) -> 0 | GH8: =IF(GG8<>0,GG8,IF($GB8="jun",$AM8/12,0)) -> -18756.895 | GI8: =IF(GH8<>0,GH8,IF($GB8="jul",$AM8/12,0)) -> -18756.895 | GJ8: =IF(GI8<>0,GI8,IF($GB8="ago",$AM8/12,0)) -> -18756.895 | GK8: =IF(GJ8<>0,GJ8,IF($GB8="set",$AM8/12,0)) -> -18756.895 | GL8: =IF(GK8<>0,GK8,IF($GB8="out",$AM8/12,0)) -> -18756.895 | GM8: =IF(GL8<>0,GL8,IF($GB8="nov",$AM8/12,0)) -> -18756.895 | GN8: =IF(GM8<>0,GM8,IF($GB8="dez",$AM8/12,0)) -> -18756.895 | GO8: =SUM(GC8:GN8) -> -131298.27 | GP8: =IF(GB8="","",IF(AM8=0,0,AM8-GO8)) -> -93784.477 | GQ8: =IF(GO8=0,"",IF(GO8=FZ8,0,IF(GO8<FZ8,1,2))) -> #REF! | GR8: =IF(OR(AK8="",AK8=0),0,AL8-$W8) -> -225082.74 | GS8: =IF(AK8=0,"",GR8/$W8) -> -0.2596054 | GT8: =GB8 -> JUN | GU8: =IF($GT8="jan",$GR8/12,0) -> 0 | GV8: =IF(GU8<>0,GU8,IF($GT8="fev",$GR8/12,0)) -> 0 | GW8: =IF(GV8<>0,GV8,IF($GT8="mar",$GR8/12,0)) -> 0 | GX8: =IF(GW8<>0,GW8,IF($GT8="abr",$GR8/12,0)) -> 0 | GY8: =IF(GX8<>0,GX8,IF($GT8="mai",$GR8/12,0)) -> 0 | GZ8: =IF(GY8<>0,GY8,IF($GT8="jun",$GR8/12,0)) -> -18756.895 | HA8: =IF(GZ8<>0,GZ8,IF($GT8="jul",$GR8/12,0)) -> -18756.895 | HB8: =IF(HA8<>0,HA8,IF($GT8="ago",$GR8/12,0)) -> -18756.895 | HC8: =IF(HB8<>0,HB8,IF($GT8="set",$GR8/12,0)) -> -18756.895 | HD8: =IF(HC8<>0,HC8,IF($GT8="out",$GR8/12,0)) -> -18756.895 | HE8: =IF(HD8<>0,HD8,IF($GT8="nov",$GR8/12,0)) -> -18756.895 | HF8: =IF(HE8<>0,HE8,IF($GT8="dez",$GR8/12,0)) -> -18756.895 | HG8: =SUM(GU8:HF8) -> -131298.27 | HH8: =IF(GT8=0,"",IF(GR8=0,0,GR8-HG8)) -> -93784.477 | HI8: =IF(HG8=0,"",IF(HG8=FZ8,0,IF(HG8<FZ8,1,2))) -> #REF! | HK8: 0 | HL8: 0 | HM8: =IF($GB8<>"",$GB8,IFERROR(T(INDEX('MATRIZ 2X2'!$J$20:$J$367,MATCH(UPPER(TRIM(SUBSTITUTE(IF(ISNUMBER(VALUE(LEFT(TRIM(J8),6))),MID(TRIM(J8),FIND(" ",TRIM(J8))+1,300),TRIM(J8)),".",""))),'MATRIZ 2X2'!$P$20:$P$367,0))),"")) -> JUN | HN8: =IFERROR(INDEX('MATRIZ 2X2'!$G$20:$G$367,MATCH(UPPER(TRIM(SUBSTITUTE(IF(ISNUMBER(VALUE(LEFT(TRIM(J8),6))),MID(TRIM(J8),FIND(" ",TRIM(J8))+1,300),TRIM(J8)),".",""))),'MATRIZ 2X2'!$P$20:$P$367,0)),"")
A9: =TRIM(E9) -> 152794 | B9: LABORATORIO | C9: PRÉ ANALITICO | D9: TUBO | E9: 152794 | F9: TUBO 13X75MM C/CIT SODIO 2.7ML 363083 | G9: SP | H9: 3069 | I9: NDI-CD LAPA | J9: BECTON DICKINSON IND CIRURG LTDA | K9: 641900 | L9: =M9*K9 -> 783118 | M9: 1.22 | N9: 1.22 | O9: =N9*K9 -> 783118 | P9: BECTON DICKINSON INDUSTRIAS CIRURGI | Q9: 1.3888301 | R9: =IF($Q9="",0,$Q9*$K9) -> 891490.06 | S9: =R9/12 -> 74290.839 | T9: =IF($Q9=0,0,$R9-$L9) -> 108372.06 | U9: =IFERROR(IF(OR(Q9="",Q9=0),"",T9/L9),"") -> 0.13838536 | V9: 1.5089743 | W9: =IF($V9="",0,$V9*$K9) -> 968610.62 | X9: =W9/12 -> 80717.551 | Y9: =IF($V9=0,0,$W9-$L9) -> 185492.62 | Z9: =IFERROR(IF(OR(V9="",V9=0),"",Y9/L9),"") -> 0.2368642 | AA9: 0.12 | AB9: =Q9-Q9*AA9 -> 1.2221705 | AC9: =AB9*K9 -> 784511.26 | AD9: =AC9-R9 -> -106978.81 | AE9: =IF(R9=0,"",AD9/R9) -> -0.12 | AF9: =AC9-W9 -> -184099.36 | AG9: =AF9/W9 -> -0.19006539 | AH9: FINALIZADO | AJ9: =IFERROR(INDEX($AO$1:$FM$1,MATCH($AK9,$AO9:$FM9,0)),"") -> BD COLETA | AK9: =MIN(AO9:FM9) -> 1.22 | AL9: =AK9*K9 -> 783118 | AM9: =IF(OR(AK9="",AK9=0),0,AL9-$W9) -> -185492.62 | AN9: =IF(AK9=0,"",AM9/$W9) -> -0.1915038 | AR9: 1.22 | FN9: =$AD9*#REF! -> #REF! | FO9: =$AD9*#REF! -> #REF! | FP9: =$AD9*#REF! -> #REF! | FQ9: =$AD9*#REF! -> #REF! | FR9: =$AD9*#REF! -> #REF! | FS9: =$AD9*#REF! -> #REF! | FT9: =$AD9*#REF! -> #REF! | FU9: =$AD9*#REF! -> #REF! | ... FY9: =$AD9*#REF! -> #REF! | FZ9: =SUM(FN9:FY9) -> #REF! | GA9: =AD9-FZ9 -> #REF! | GB9: JUN | GC9: =IF($GB9="jan",$AM9/12,0) -> 0 | GD9: =IF(GC9<>0,GC9,IF($GB9="fev",$AM9/12,0)) -> 0 | GE9: =IF(GD9<>0,GD9,IF($GB9="mar",$AM9/12,0)) -> 0 | GF9: =IF(GE9<>0,GE9,IF($GB9="abr",$AM9/12,0)) -> 0 | GG9: =IF(GF9<>0,GF9,IF($GB9="mai",$AM9/12,0)) -> 0 | GH9: =IF(GG9<>0,GG9,IF($GB9="jun",$AM9/12,0)) -> -15457.718 | GI9: =IF(GH9<>0,GH9,IF($GB9="jul",$AM9/12,0)) -> -15457.718 | GJ9: =IF(GI9<>0,GI9,IF($GB9="ago",$AM9/12,0)) -> -15457.718 | GK9: =IF(GJ9<>0,GJ9,IF($GB9="set",$AM9/12,0)) -> -15457.718 | GL9: =IF(GK9<>0,GK9,IF($GB9="out",$AM9/12,0)) -> -15457.718 | GM9: =IF(GL9<>0,GL9,IF($GB9="nov",$AM9/12,0)) -> -15457.718 | GN9: =IF(GM9<>0,GM9,IF($GB9="dez",$AM9/12,0)) -> -15457.718 | GO9: =SUM(GC9:GN9) -> -108204.03 | GP9: =IF(GB9="","",IF(AM9=0,0,AM9-GO9)) -> -77288.59 | GQ9: =IF(GO9=0,"",IF(GO9=FZ9,0,IF(GO9<FZ9,1,2))) -> #REF! | GR9: =IF(OR(AK9="",AK9=0),0,AL9-$W9) -> -185492.62 | GS9: =IF(AK9=0,"",GR9/$W9) -> -0.1915038 | GT9: =GB9 -> JUN | GU9: =IF($GT9="jan",$GR9/12,0) -> 0 | GV9: =IF(GU9<>0,GU9,IF($GT9="fev",$GR9/12,0)) -> 0 | GW9: =IF(GV9<>0,GV9,IF($GT9="mar",$GR9/12,0)) -> 0 | GX9: =IF(GW9<>0,GW9,IF($GT9="abr",$GR9/12,0)) -> 0 | GY9: =IF(GX9<>0,GX9,IF($GT9="mai",$GR9/12,0)) -> 0 | GZ9: =IF(GY9<>0,GY9,IF($GT9="jun",$GR9/12,0)) -> -15457.718 | HA9: =IF(GZ9<>0,GZ9,IF($GT9="jul",$GR9/12,0)) -> -15457.718 | HB9: =IF(HA9<>0,HA9,IF($GT9="ago",$GR9/12,0)) -> -15457.718 | HC9: =IF(HB9<>0,HB9,IF($GT9="set",$GR9/12,0)) -> -15457.718 | HD9: =IF(HC9<>0,HC9,IF($GT9="out",$GR9/12,0)) -> -15457.718 | HE9: =IF(HD9<>0,HD9,IF($GT9="nov",$GR9/12,0)) -> -15457.718 | HF9: =IF(HE9<>0,HE9,IF($GT9="dez",$GR9/12,0)) -> -15457.718 | HG9: =SUM(GU9:HF9) -> -108204.03 | HH9: =IF(GT9=0,"",IF(GR9=0,0,GR9-HG9)) -> -77288.59 | HI9: =IF(HG9=0,"",IF(HG9=FZ9,0,IF(HG9<FZ9,1,2))) -> #REF! | HK9: 1 | HL9: 1 | HM9: =IF($GB9<>"",$GB9,IFERROR(T(INDEX('MATRIZ 2X2'!$J$20:$J$367,MATCH(UPPER(TRIM(SUBSTITUTE(IF(ISNUMBER(VALUE(LEFT(TRIM(J9),6))),MID(TRIM(J9),FIND(" ",TRIM(J9))+1,300),TRIM(J9)),".",""))),'MATRIZ 2X2'!$P$20:$P$367,0))),"")) -> JUN | HN9: =IFERROR(INDEX('MATRIZ 2X2'!$G$20:$G$367,MATCH(UPPER(TRIM(SUBSTITUTE(IF(ISNUMBER(VALUE(LEFT(TRIM(J9),6))),MID(TRIM(J9),FIND(" ",TRIM(J9))+1,300),TRIM(J9)),".",""))),'MATRIZ 2X2'!$P$20:$P$367,0)),"")
A10: =TRIM(E10) -> 197223 | B10: LABORATORIO | C10: PRÉ ANALITICO | D10: ESCALPE | E10: 197223 | F10: BD VACUT UT/PB 23G 367392 SCALP 1 | G10: AM | H10: 2245 | I10: HAM-HOSP SAO LUCAS | J10: BECTON DICKINSON INDUSTRIAS CIRURGI | K10: 203100 | L10: =M10*K10 -> 761625 | M10: 3.75 | N10: 3.57 | O10: =N10*K10 -> 725067 | P10: BECTON DICKINSON INDUSTRIAS CIRURGI | Q10: 4.0070958 | R10: =IF($Q10="",0,$Q10*$K10) -> 813841.15 | S10: =R10/12 -> 67820.096 | T10: =IF($Q10=0,0,$R10-$L10) -> 52216.147 | U10: =IFERROR(IF(OR(Q10="",Q10=0),"",T10/L10),"") -> 0.068558867 | V10: 4.0914771 | W10: =IF($V10="",0,$V10*$K10) -> 830979 | X10: =W10/12 -> 69248.25 | Y10: =IF($V10=0,0,$W10-$L10) -> 69354.001 | Z10: =IFERROR(IF(OR(V10="",V10=0),"",Y10/L10),"") -> 0.091060562 | AA10: 0.12 | AB10: =Q10-Q10*AA10 -> 3.5262443 | AC10: =AB10*K10 -> 716180.21 | AD10: =AC10-R10 -> -97660.938 | AE10: =IF(R10=0,"",AD10/R10) -> -0.12 | AF10: =AC10-W10 -> -114798.79 | AG10: =AF10/W10 -> -0.13814885 | AH10: FINALIZADO | AJ10: =IFERROR(INDEX($AO$1:$FM$1,MATCH($AK10,$AO10:$FM10,0)),"") -> BD COLETA | AK10: =MIN(AO10:FM10) -> 3.39 | AL10: =AK10*K10 -> 688509 | AM10: =IF(OR(AK10="",AK10=0),0,AL10-$W10) -> -142470 | AN10: =IF(AK10=0,"",AM10/$W10) -> -0.17144838 | AR10: 3.39 | BH10: 3.68 | BY10: 10.54 | BZ10: BD | FN10: =$AD10*#REF! -> #REF! | FO10: =$AD10*#REF! -> #REF! | FP10: =$AD10*#REF! -> #REF! | FQ10: =$AD10*#REF! -> #REF! | FR10: =$AD10*#REF! -> #REF! | FS10: =$AD10*#REF! -> #REF! | FT10: =$AD10*#REF! -> #REF! | FU10: =$AD10*#REF! -> #REF! | ... FY10: =$AD10*#REF! -> #REF! | FZ10: =SUM(FN10:FY10) -> #REF! | GA10: =AD10-FZ10 -> #REF! | GB10: JUN | GC10: =IF($GB10="jan",$AM10/12,0) -> 0 | GD10: =IF(GC10<>0,GC10,IF($GB10="fev",$AM10/12,0)) -> 0 | GE10: =IF(GD10<>0,GD10,IF($GB10="mar",$AM10/12,0)) -> 0 | GF10: =IF(GE10<>0,GE10,IF($GB10="abr",$AM10/12,0)) -> 0 | GG10: =IF(GF10<>0,GF10,IF($GB10="mai",$AM10/12,0)) -> 0 | GH10: =IF(GG10<>0,GG10,IF($GB10="jun",$AM10/12,0)) -> -11872.5 | GI10: =IF(GH10<>0,GH10,IF($GB10="jul",$AM10/12,0)) -> -11872.5 | GJ10: =IF(GI10<>0,GI10,IF($GB10="ago",$AM10/12,0)) -> -11872.5 | GK10: =IF(GJ10<>0,GJ10,IF($GB10="set",$AM10/12,0)) -> -11872.5 | GL10: =IF(GK10<>0,GK10,IF($GB10="out",$AM10/12,0)) -> -11872.5 | GM10: =IF(GL10<>0,GL10,IF($GB10="nov",$AM10/12,0)) -> -11872.5 | GN10: =IF(GM10<>0,GM10,IF($GB10="dez",$AM10/12,0)) -> -11872.5 | GO10: =SUM(GC10:GN10) -> -83107.5 | GP10: =IF(GB10="","",IF(AM10=0,0,AM10-GO10)) -> -59362.5 | GQ10: =IF(GO10=0,"",IF(GO10=FZ10,0,IF(GO10<FZ10,1,2))) -> #REF! | GR10: =IF(OR(AK10="",AK10=0),0,AL10-$W10) -> -142470 | GS10: =IF(AK10=0,"",GR10/$W10) -> -0.17144838 | GT10: =GB10 -> JUN | GU10: =IF($GT10="jan",$GR10/12,0) -> 0 | GV10: =IF(GU10<>0,GU10,IF($GT10="fev",$GR10/12,0)) -> 0 | GW10: =IF(GV10<>0,GV10,IF($GT10="mar",$GR10/12,0)) -> 0 | GX10: =IF(GW10<>0,GW10,IF($GT10="abr",$GR10/12,0)) -> 0 | GY10: =IF(GX10<>0,GX10,IF($GT10="mai",$GR10/12,0)) -> 0 | GZ10: =IF(GY10<>0,GY10,IF($GT10="jun",$GR10/12,0)) -> -11872.5 | HA10: =IF(GZ10<>0,GZ10,IF($GT10="jul",$GR10/12,0)) -> -11872.5 | HB10: =IF(HA10<>0,HA10,IF($GT10="ago",$GR10/12,0)) -> -11872.5 | HC10: =IF(HB10<>0,HB10,IF($GT10="set",$GR10/12,0)) -> -11872.5 | HD10: =IF(HC10<>0,HC10,IF($GT10="out",$GR10/12,0)) -> -11872.5 | HE10: =IF(HD10<>0,HD10,IF($GT10="nov",$GR10/12,0)) -> -11872.5 | HF10: =IF(HE10<>0,HE10,IF($GT10="dez",$GR10/12,0)) -> -11872.5 | HG10: =SUM(GU10:HF10) -> -83107.5 | HH10: =IF(GT10=0,"",IF(GR10=0,0,GR10-HG10)) -> -59362.5 | HI10: =IF(HG10=0,"",IF(HG10=FZ10,0,IF(HG10<FZ10,1,2))) -> #REF! | HK10: 1 | HL10: 1 | HM10: =IF($GB10<>"",$GB10,IFERROR(T(INDEX('MATRIZ 2X2'!$J$20:$J$367,MATCH(UPPER(TRIM(SUBSTITUTE(IF(ISNUMBER(VALUE(LEFT(TRIM(J10),6))),MID(TRIM(J10),FIND(" ",TRIM(J10))+1,300),TRIM(J10)),".",""))),'MATRIZ 2X2'!$P$20:$P$367,0))),"")) -> JUN | HN10: =IFERROR(INDEX('MATRIZ 2X2'!$G$20:$G$367,MATCH(UPPER(TRIM(SUBSTITUTE(IF(ISNUMBER(VALUE(LEFT(TRIM(J10),6))),MID(TRIM(J10),FIND(" ",TRIM(J10))+1,300),TRIM(J10)),".",""))),'MATRIZ 2X2'!$P$20:$P$367,0)),"")
A11: =TRIM(E11) -> 171430 | B11: LABORATORIO | C11: PRÉ ANALITICO | D11: ESCALPE | E11: 171430 | F11: ESCALPE COL SANG DISP SEGUR 23GX7 367256 | G11: PE | H11: 2044 | I11: HAM-CD RECIFE | J11: BECTON DICKINSON IND CIRURG LTDA | K11: 228450 | L11: =M11*K11 -> 630522 | M11: 2.76 | N11: 2.3 | O11: =N11*K11 -> 525435 | P11: BECTON DICKINSON INDUSTRIAS CIRURGI | Q11: 2.8630492 | R11: =IF($Q11="",0,$Q11*$K11) -> 654063.59 | S11: =R11/12 -> 54505.299 | T11: =IF($Q11=0,0,$R11-$L11) -> 23541.587 | U11: =IFERROR(IF(OR(Q11="",Q11=0),"",T11/L11),"") -> 0.037336663 | V11: 2.863338 | W11: =IF($V11="",0,$V11*$K11) -> 654129.56 | X11: =W11/12 -> 54510.797 | Y11: =IF($V11=0,0,$W11-$L11) -> 23607.564 | Z11: =IFERROR(IF(OR(V11="",V11=0),"",Y11/L11),"") -> 0.037441302 | AA11: 0.12 | AB11: =Q11-Q11*AA11 -> 2.5194833 | AC11: =AB11*K11 -> 575575.96 | AD11: =AC11-R11 -> -78487.63 | AE11: =IF(R11=0,"",AD11/R11) -> -0.12 | AF11: =AC11-W11 -> -78553.607 | AG11: =AF11/W11 -> -0.12008876 | AH11: FINALIZADO | AJ11: =IFERROR(INDEX($AO$1:$FM$1,MATCH($AK11,$AO11:$FM11,0)),"") -> BD COLETA | AK11: =MIN(AO11:FM11) -> 2.12 | AL11: =AK11*K11 -> 484314 | AM11: =IF(OR(AK11="",AK11=0),0,AL11-$W11) -> -169815.56 | AN11: =IF(AK11=0,"",AM11/$W11) -> -0.2596054 | AR11: 2.12 | FN11: =$AD11*#REF! -> #REF! | FO11: =$AD11*#REF! -> #REF! | FP11: =$AD11*#REF! -> #REF! | FQ11: =$AD11*#REF! -> #REF! | FR11: =$AD11*#REF! -> #REF! | FS11: =$AD11*#REF! -> #REF! | FT11: =$AD11*#REF! -> #REF! | FU11: =$AD11*#REF! -> #REF! | ... FY11: =$AD11*#REF! -> #REF! | FZ11: =SUM(FN11:FY11) -> #REF! | GA11: =AD11-FZ11 -> #REF! | GB11: JUN | GC11: =IF($GB11="jan",$AM11/12,0) -> 0 | GD11: =IF(GC11<>0,GC11,IF($GB11="fev",$AM11/12,0)) -> 0 | GE11: =IF(GD11<>0,GD11,IF($GB11="mar",$AM11/12,0)) -> 0 | GF11: =IF(GE11<>0,GE11,IF($GB11="abr",$AM11/12,0)) -> 0 | GG11: =IF(GF11<>0,GF11,IF($GB11="mai",$AM11/12,0)) -> 0 | GH11: =IF(GG11<>0,GG11,IF($GB11="jun",$AM11/12,0)) -> -14151.297 | GI11: =IF(GH11<>0,GH11,IF($GB11="jul",$AM11/12,0)) -> -14151.297 | GJ11: =IF(GI11<>0,GI11,IF($GB11="ago",$AM11/12,0)) -> -14151.297 | GK11: =IF(GJ11<>0,GJ11,IF($GB11="set",$AM11/12,0)) -> -14151.297 | GL11: =IF(GK11<>0,GK11,IF($GB11="out",$AM11/12,0)) -> -14151.297 | GM11: =IF(GL11<>0,GL11,IF($GB11="nov",$AM11/12,0)) -> -14151.297 | GN11: =IF(GM11<>0,GM11,IF($GB11="dez",$AM11/12,0)) -> -14151.297 | GO11: =SUM(GC11:GN11) -> -99059.079 | GP11: =IF(GB11="","",IF(AM11=0,0,AM11-GO11)) -> -70756.485 | GQ11: =IF(GO11=0,"",IF(GO11=FZ11,0,IF(GO11<FZ11,1,2))) -> #REF! | GR11: =IF(OR(AK11="",AK11=0),0,AL11-$W11) -> -169815.56 | GS11: =IF(AK11=0,"",GR11/$W11) -> -0.2596054 | GT11: =GB11 -> JUN | GU11: =IF($GT11="jan",$GR11/12,0) -> 0 | GV11: =IF(GU11<>0,GU11,IF($GT11="fev",$GR11/12,0)) -> 0 | GW11: =IF(GV11<>0,GV11,IF($GT11="mar",$GR11/12,0)) -> 0 | GX11: =IF(GW11<>0,GW11,IF($GT11="abr",$GR11/12,0)) -> 0 | GY11: =IF(GX11<>0,GX11,IF($GT11="mai",$GR11/12,0)) -> 0 | GZ11: =IF(GY11<>0,GY11,IF($GT11="jun",$GR11/12,0)) -> -14151.297 | HA11: =IF(GZ11<>0,GZ11,IF($GT11="jul",$GR11/12,0)) -> -14151.297 | HB11: =IF(HA11<>0,HA11,IF($GT11="ago",$GR11/12,0)) -> -14151.297 | HC11: =IF(HB11<>0,HB11,IF($GT11="set",$GR11/12,0)) -> -14151.297 | HD11: =IF(HC11<>0,HC11,IF($GT11="out",$GR11/12,0)) -> -14151.297 | HE11: =IF(HD11<>0,HD11,IF($GT11="nov",$GR11/12,0)) -> -14151.297 | HF11: =IF(HE11<>0,HE11,IF($GT11="dez",$GR11/12,0)) -> -14151.297 | HG11: =SUM(GU11:HF11) -> -99059.079 | HH11: =IF(GT11=0,"",IF(GR11=0,0,GR11-HG11)) -> -70756.485 | HI11: =IF(HG11=0,"",IF(HG11=FZ11,0,IF(HG11<FZ11,1,2))) -> #REF! | HK11: 0 | HL11: 0 | HM11: =IF($GB11<>"",$GB11,IFERROR(T(INDEX('MATRIZ 2X2'!$J$20:$J$367,MATCH(UPPER(TRIM(SUBSTITUTE(IF(ISNUMBER(VALUE(LEFT(TRIM(J11),6))),MID(TRIM(J11),FIND(" ",TRIM(J11))+1,300),TRIM(J11)),".",""))),'MATRIZ 2X2'!$P$20:$P$367,0))),"")) -> JUN | HN11: =IFERROR(INDEX('MATRIZ 2X2'!$G$20:$G$367,MATCH(UPPER(TRIM(SUBSTITUTE(IF(ISNUMBER(VALUE(LEFT(TRIM(J11),6))),MID(TRIM(J11),FIND(" ",TRIM(J11))+1,300),TRIM(J11)),".",""))),'MATRIZ 2X2'!$P$20:$P$367,0)),"")
A12: =TRIM(E12) -> 197223 | B12: LABORATORIO | C12: PRÉ ANALITICO | D12: ESCALPE | E12: 197223 | F12: BD VACUT UT/PB 23G 367392 SCALP 1 | G12: GO | H12: 2235 | I12: HAM-LABORATORIO JARDIM AMERICA | J12: BECTON DICKINSON INDUSTRIAS CIRURGI | K12: 130050 | L12: =M12*K12 -> 487687.5 | M12: 3.75 | N12: 3.57 | O12: =N12*K12 -> 464278.5 | P12: BECTON DICKINSON INDUSTRIAS CIRURGI | Q12: 4.0070958 | R12: =IF($Q12="",0,$Q12*$K12) -> 521122.8 | S12: =R12/12 -> 43426.9 | T12: =IF($Q12=0,0,$R12-$L12) -> 33435.302 | U12: =IFERROR(IF(OR(Q12="",Q12=0),"",T12/L12),"") -> 0.068558867 | V12: 4.0914771 | W12: =IF($V12="",0,$V12*$K12) -> 532096.6 | X12: =W12/12 -> 44341.383 | Y12: =IF($V12=0,0,$W12-$L12) -> 44409.098 | Z12: =IFERROR(IF(OR(V12="",V12=0),"",Y12/L12),"") -> 0.091060562 | AA12: 0.12 | AB12: =Q12-Q12*AA12 -> 3.5262443 | AC12: =AB12*K12 -> 458588.07 | AD12: =AC12-R12 -> -62534.736 | AE12: =IF(R12=0,"",AD12/R12) -> -0.12 | AF12: =AC12-W12 -> -73508.532 | AG12: =AF12/W12 -> -0.13814885 | AH12: FINALIZADO | AJ12: =IFERROR(INDEX($AO$1:$FM$1,MATCH($AK12,$AO12:$FM12,0)),"") -> BD COLETA | AK12: =MIN(AO12:FM12) -> 3.39 | AL12: =AK12*K12 -> 440869.5 | AM12: =IF(OR(AK12="",AK12=0),0,AL12-$W12) -> -91227.098 | AN12: =IF(AK12=0,"",AM12/$W12) -> -0.17144838 | AR12: 3.39 | BH12: 3.68 | BY12: 10.54 | BZ12: BD | FN12: =$AD12*#REF! -> #REF! | FO12: =$AD12*#REF! -> #REF! | FP12: =$AD12*#REF! -> #REF! | FQ12: =$AD12*#REF! -> #REF! | FR12: =$AD12*#REF! -> #REF! | FS12: =$AD12*#REF! -> #REF! | FT12: =$AD12*#REF! -> #REF! | FU12: =$AD12*#REF! -> #REF! | ... FY12: =$AD12*#REF! -> #REF! | FZ12: =SUM(FN12:FY12) -> #REF! | GA12: =AD12-FZ12 -> #REF! | GB12: JUN | GC12: =IF($GB12="jan",$AM12/12,0) -> 0 | GD12: =IF(GC12<>0,GC12,IF($GB12="fev",$AM12/12,0)) -> 0 | GE12: =IF(GD12<>0,GD12,IF($GB12="mar",$AM12/12,0)) -> 0 | GF12: =IF(GE12<>0,GE12,IF($GB12="abr",$AM12/12,0)) -> 0 | GG12: =IF(GF12<>0,GF12,IF($GB12="mai",$AM12/12,0)) -> 0 | GH12: =IF(GG12<>0,GG12,IF($GB12="jun",$AM12/12,0)) -> -7602.2582 | GI12: =IF(GH12<>0,GH12,IF($GB12="jul",$AM12/12,0)) -> -7602.2582 | GJ12: =IF(GI12<>0,GI12,IF($GB12="ago",$AM12/12,0)) -> -7602.2582 | GK12: =IF(GJ12<>0,GJ12,IF($GB12="set",$AM12/12,0)) -> -7602.2582 | GL12: =IF(GK12<>0,GK12,IF($GB12="out",$AM12/12,0)) -> -7602.2582 | GM12: =IF(GL12<>0,GL12,IF($GB12="nov",$AM12/12,0)) -> -7602.2582 | GN12: =IF(GM12<>0,GM12,IF($GB12="dez",$AM12/12,0)) -> -7602.2582 | GO12: =SUM(GC12:GN12) -> -53215.807 | GP12: =IF(GB12="","",IF(AM12=0,0,AM12-GO12)) -> -38011.291 | GQ12: =IF(GO12=0,"",IF(GO12=FZ12,0,IF(GO12<FZ12,1,2))) -> #REF! | GR12: =IF(OR(AK12="",AK12=0),0,AL12-$W12) -> -91227.098 | GS12: =IF(AK12=0,"",GR12/$W12) -> -0.17144838 | GT12: =GB12 -> JUN | GU12: =IF($GT12="jan",$GR12/12,0) -> 0 | GV12: =IF(GU12<>0,GU12,IF($GT12="fev",$GR12/12,0)) -> 0 | GW12: =IF(GV12<>0,GV12,IF($GT12="mar",$GR12/12,0)) -> 0 | GX12: =IF(GW12<>0,GW12,IF($GT12="abr",$GR12/12,0)) -> 0 | GY12: =IF(GX12<>0,GX12,IF($GT12="mai",$GR12/12,0)) -> 0 | GZ12: =IF(GY12<>0,GY12,IF($GT12="jun",$GR12/12,0)) -> -7602.2582 | HA12: =IF(GZ12<>0,GZ12,IF($GT12="jul",$GR12/12,0)) -> -7602.2582 | HB12: =IF(HA12<>0,HA12,IF($GT12="ago",$GR12/12,0)) -> -7602.2582 | HC12: =IF(HB12<>0,HB12,IF($GT12="set",$GR12/12,0)) -> -7602.2582 | HD12: =IF(HC12<>0,HC12,IF($GT12="out",$GR12/12,0)) -> -7602.2582 | HE12: =IF(HD12<>0,HD12,IF($GT12="nov",$GR12/12,0)) -> -7602.2582 | HF12: =IF(HE12<>0,HE12,IF($GT12="dez",$GR12/12,0)) -> -7602.2582 | HG12: =SUM(GU12:HF12) -> -53215.807 | HH12: =IF(GT12=0,"",IF(GR12=0,0,GR12-HG12)) -> -38011.291 | HI12: =IF(HG12=0,"",IF(HG12=FZ12,0,IF(HG12<FZ12,1,2))) -> #REF! | HK12: 0 | HL12: 0 | HM12: =IF($GB12<>"",$GB12,IFERROR(T(INDEX('MATRIZ 2X2'!$J$20:$J$367,MATCH(UPPER(TRIM(SUBSTITUTE(IF(ISNUMBER(VALUE(LEFT(TRIM(J12),6))),MID(TRIM(J12),FIND(" ",TRIM(J12))+1,300),TRIM(J12)),".",""))),'MATRIZ 2X2'!$P$20:$P$367,0))),"")) -> JUN | HN12: =IFERROR(INDEX('MATRIZ 2X2'!$G$20:$G$367,MATCH(UPPER(TRIM(SUBSTITUTE(IF(ISNUMBER(VALUE(LEFT(TRIM(J12),6))),MID(TRIM(J12),FIND(" ",TRIM(J12))+1,300),TRIM(J12)),".",""))),'MATRIZ 2X2'!$P$20:$P$367,0)),"")
A13: =TRIM(E13) -> 212235 | B13: LABORATORIO | C13: PRÉ ANALITICO | D13: TUBO | E13: 212235 | F13: VAC GEL SST 5ML 360060 TB 13X100MM | G13: AM | H13: 2245 | I13: HAM-HOSP SAO LUCAS | J13: BECTON DICKINSON INDUSTRIAS CIRURGI | K13: 755000 | L13: =M13*K13 -> 445446.1 | M13: 0.58999483 | N13: 0.64 | O13: =N13*K13 -> 483200 | P13: BECTON DICKINSON INDUSTRIAS CIRURGI | Q13: 0.62803448 | R13: =IF($Q13="",0,$Q13*$K13) -> 474166.03 | S13: =R13/12 -> 39513.836 | T13: =IF($Q13=0,0,$R13-$L13) -> 28719.933 | U13: =IFERROR(IF(OR(Q13="",Q13=0),"",T13/L13),"") -> 0.064474541 | V13: 0.63755821 | W13: =IF($V13="",0,$V13*$K13) -> 481356.45 | X13: =W13/12 -> 40113.037 | Y13: =IF($V13=0,0,$W13-$L13) -> 35910.347 | Z13: =IFERROR(IF(OR(V13="",V13=0),"",Y13/L13),"") -> 0.080616594 | AA13: 0.12 | AB13: =Q13-Q13*AA13 -> 0.55267034 | AC13: =AB13*K13 -> 417266.11 | AD13: =AC13-R13 -> -56899.924 | AE13: =IF(R13=0,"",AD13/R13) -> -0.12 | AF13: =AC13-W13 -> -64090.338 | AG13: =AF13/W13 -> -0.13314528 | AH13: FINALIZADO | AJ13: =IFERROR(INDEX($AO$1:$FM$1,MATCH($AK13,$AO13:$FM13,0)),"") -> BD COLETA | AK13: =MIN(AO13:FM13) -> 0.64 | AL13: =AK13*K13 -> 483200 | AM13: =IF(OR(AK13="",AK13=0),0,AL13-$W13) -> 1843.5526 | AN13: =IF(AK13=0,"",AM13/$W13) -> 0.0038299115 | AR13: 0.64 | FN13: =$AD13*#REF! -> #REF! | FO13: =$AD13*#REF! -> #REF! | FP13: =$AD13*#REF! -> #REF! | FQ13: =$AD13*#REF! -> #REF! | FR13: =$AD13*#REF! -> #REF! | FS13: =$AD13*#REF! -> #REF! | FT13: =$AD13*#REF! -> #REF! | FU13: =$AD13*#REF! -> #REF! | ... FY13: =$AD13*#REF! -> #REF! | FZ13: =SUM(FN13:FY13) -> #REF! | GA13: =AD13-FZ13 -> #REF! | GB13: JUN | GC13: =IF($GB13="jan",$AM13/12,0) -> 0 | GD13: =IF(GC13<>0,GC13,IF($GB13="fev",$AM13/12,0)) -> 0 | GE13: =IF(GD13<>0,GD13,IF($GB13="mar",$AM13/12,0)) -> 0 | GF13: =IF(GE13<>0,GE13,IF($GB13="abr",$AM13/12,0)) -> 0 | GG13: =IF(GF13<>0,GF13,IF($GB13="mai",$AM13/12,0)) -> 0 | GH13: =IF(GG13<>0,GG13,IF($GB13="jun",$AM13/12,0)) -> 153.62938 | GI13: =IF(GH13<>0,GH13,IF($GB13="jul",$AM13/12,0)) -> 153.62938 | GJ13: =IF(GI13<>0,GI13,IF($GB13="ago",$AM13/12,0)) -> 153.62938 | GK13: =IF(GJ13<>0,GJ13,IF($GB13="set",$AM13/12,0)) -> 153.62938 | GL13: =IF(GK13<>0,GK13,IF($GB13="out",$AM13/12,0)) -> 153.62938 | GM13: =IF(GL13<>0,GL13,IF($GB13="nov",$AM13/12,0)) -> 153.62938 | GN13: =IF(GM13<>0,GM13,IF($GB13="dez",$AM13/12,0)) -> 153.62938 | GO13: =SUM(GC13:GN13) -> 1075.4057 | GP13: =IF(GB13="","",IF(AM13=0,0,AM13-GO13)) -> 768.14691 | GQ13: =IF(GO13=0,"",IF(GO13=FZ13,0,IF(GO13<FZ13,1,2))) -> #REF! | GR13: =IF(OR(AK13="",AK13=0),0,AL13-$W13) -> 1843.5526 | GS13: =IF(AK13=0,"",GR13/$W13) -> 0.0038299115 | GT13: =GB13 -> JUN | GU13: =IF($GT13="jan",$GR13/12,0) -> 0 | GV13: =IF(GU13<>0,GU13,IF($GT13="fev",$GR13/12,0)) -> 0 | GW13: =IF(GV13<>0,GV13,IF($GT13="mar",$GR13/12,0)) -> 0 | GX13: =IF(GW13<>0,GW13,IF($GT13="abr",$GR13/12,0)) -> 0 | GY13: =IF(GX13<>0,GX13,IF($GT13="mai",$GR13/12,0)) -> 0 | GZ13: =IF(GY13<>0,GY13,IF($GT13="jun",$GR13/12,0)) -> 153.62938 | HA13: =IF(GZ13<>0,GZ13,IF($GT13="jul",$GR13/12,0)) -> 153.62938 | HB13: =IF(HA13<>0,HA13,IF($GT13="ago",$GR13/12,0)) -> 153.62938 | HC13: =IF(HB13<>0,HB13,IF($GT13="set",$GR13/12,0)) -> 153.62938 | HD13: =IF(HC13<>0,HC13,IF($GT13="out",$GR13/12,0)) -> 153.62938 | HE13: =IF(HD13<>0,HD13,IF($GT13="nov",$GR13/12,0)) -> 153.62938 | HF13: =IF(HE13<>0,HE13,IF($GT13="dez",$GR13/12,0)) -> 153.62938 | HG13: =SUM(GU13:HF13) -> 1075.4057 | HH13: =IF(GT13=0,"",IF(GR13=0,0,GR13-HG13)) -> 768.14691 | HI13: =IF(HG13=0,"",IF(HG13=FZ13,0,IF(HG13<FZ13,1,2))) -> #REF! | HK13: 0 | HL13: 0 | HM13: =IF($GB13<>"",$GB13,IFERROR(T(INDEX('MATRIZ 2X2'!$J$20:$J$367,MATCH(UPPER(TRIM(SUBSTITUTE(IF(ISNUMBER(VALUE(LEFT(TRIM(J13),6))),MID(TRIM(J13),FIND(" ",TRIM(J13))+1,300),TRIM(J13)),".",""))),'MATRIZ 2X2'!$P$20:$P$367,0))),"")) -> JUN | HN13: =IFERROR(INDEX('MATRIZ 2X2'!$G$20:$G$367,MATCH(UPPER(TRIM(SUBSTITUTE(IF(ISNUMBER(VALUE(LEFT(TRIM(J13),6))),MID(TRIM(J13),FIND(" ",TRIM(J13))+1,300),TRIM(J13)),".",""))),'MATRIZ 2X2'!$P$20:$P$367,0)),"")
A14: =TRIM(E14) -> 212236 | B14: LABORATORIO | C14: PRÉ ANALITICO | D14: TUBO | E14: 212236 | F14: VACUT K2 EDTA 4ML 360057 TB 13X75MM | G14: SP | H14: 3069 | I14: NDI-CD LAPA | J14: BECTON DICKINSON IND CIRURG LTDA | K14: 1148700 | L14: =M14*K14 -> 425019 | M14: 0.37 | N14: 0.39 | O14: =N14*K14 -> 447993 | P14: BECTON DICKINSON INDUSTRIAS CIRURGI | Q14: 0.38626284 | R14: =IF($Q14="",0,$Q14*$K14) -> 443700.12 | S14: =R14/12 -> 36975.01 | T14: =IF($Q14=0,0,$R14-$L14) -> 18681.124 | U14: =IFERROR(IF(OR(Q14="",Q14=0),"",T14/L14),"") -> 0.043953622 | V14: 0.39726512 | W14: =IF($V14="",0,$V14*$K14) -> 456338.45 | X14: =W14/12 -> 38028.204 | Y14: =IF($V14=0,0,$W14-$L14) -> 31319.447 | Z14: =IFERROR(IF(OR(V14="",V14=0),"",Y14/L14),"") -> 0.073689521 | AA14: 0.12 | AB14: =Q14-Q14*AA14 -> 0.3399113 | AC14: =AB14*K14 -> 390456.11 | AD14: =AC14-R14 -> -53244.015 | AE14: =IF(R14=0,"",AD14/R14) -> -0.12 | AF14: =AC14-W14 -> -65882.337 | AG14: =AF14/W14 -> -0.14437166 | AH14: FINALIZADO | AJ14: =IFERROR(INDEX($AO$1:$FM$1,MATCH($AK14,$AO14:$FM14,0)),"") -> BD COLETA | AK14: =MIN(AO14:FM14) -> 0.39 | AL14: =AK14*K14 -> 447993 | AM14: =IF(OR(AK14="",AK14=0),0,AL14-$W14) -> -8345.4466 | AN14: =IF(AK14=0,"",AM14/$W14) -> -0.018287845 | AR14: 0.39 | FN14: =$AD14*#REF! -> #REF! | FO14: =$AD14*#REF! -> #REF! | FP14: =$AD14*#REF! -> #REF! | FQ14: =$AD14*#REF! -> #REF! | FR14: =$AD14*#REF! -> #REF! | FS14: =$AD14*#REF! -> #REF! | FT14: =$AD14*#REF! -> #REF! | FU14: =$AD14*#REF! -> #REF! | ... FY14: =$AD14*#REF! -> #REF! | FZ14: =SUM(FN14:FY14) -> #REF! | GA14: =AD14-FZ14 -> #REF! | GB14: JUN | GC14: =IF($GB14="jan",$AM14/12,0) -> 0 | GD14: =IF(GC14<>0,GC14,IF($GB14="fev",$AM14/12,0)) -> 0 | GE14: =IF(GD14<>0,GD14,IF($GB14="mar",$AM14/12,0)) -> 0 | GF14: =IF(GE14<>0,GE14,IF($GB14="abr",$AM14/12,0)) -> 0 | GG14: =IF(GF14<>0,GF14,IF($GB14="mai",$AM14/12,0)) -> 0 | GH14: =IF(GG14<>0,GG14,IF($GB14="jun",$AM14/12,0)) -> -695.45388 | GI14: =IF(GH14<>0,GH14,IF($GB14="jul",$AM14/12,0)) -> -695.45388 | GJ14: =IF(GI14<>0,GI14,IF($GB14="ago",$AM14/12,0)) -> -695.45388 | GK14: =IF(GJ14<>0,GJ14,IF($GB14="set",$AM14/12,0)) -> -695.45388 | GL14: =IF(GK14<>0,GK14,IF($GB14="out",$AM14/12,0)) -> -695.45388 | GM14: =IF(GL14<>0,GL14,IF($GB14="nov",$AM14/12,0)) -> -695.45388 | GN14: =IF(GM14<>0,GM14,IF($GB14="dez",$AM14/12,0)) -> -695.45388 | GO14: =SUM(GC14:GN14) -> -4868.1772 | GP14: =IF(GB14="","",IF(AM14=0,0,AM14-GO14)) -> -3477.2694 | GQ14: =IF(GO14=0,"",IF(GO14=FZ14,0,IF(GO14<FZ14,1,2))) -> #REF! | GR14: =IF(OR(AK14="",AK14=0),0,AL14-$W14) -> -8345.4466 | GS14: =IF(AK14=0,"",GR14/$W14) -> -0.018287845 | GT14: =GB14 -> JUN | GU14: =IF($GT14="jan",$GR14/12,0) -> 0 | GV14: =IF(GU14<>0,GU14,IF($GT14="fev",$GR14/12,0)) -> 0 | GW14: =IF(GV14<>0,GV14,IF($GT14="mar",$GR14/12,0)) -> 0 | GX14: =IF(GW14<>0,GW14,IF($GT14="abr",$GR14/12,0)) -> 0 | GY14: =IF(GX14<>0,GX14,IF($GT14="mai",$GR14/12,0)) -> 0 | GZ14: =IF(GY14<>0,GY14,IF($GT14="jun",$GR14/12,0)) -> -695.45388 | HA14: =IF(GZ14<>0,GZ14,IF($GT14="jul",$GR14/12,0)) -> -695.45388 | HB14: =IF(HA14<>0,HA14,IF($GT14="ago",$GR14/12,0)) -> -695.45388 | HC14: =IF(HB14<>0,HB14,IF($GT14="set",$GR14/12,0)) -> -695.45388 | HD14: =IF(HC14<>0,HC14,IF($GT14="out",$GR14/12,0)) -> -695.45388 | HE14: =IF(HD14<>0,HD14,IF($GT14="nov",$GR14/12,0)) -> -695.45388 | HF14: =IF(HE14<>0,HE14,IF($GT14="dez",$GR14/12,0)) -> -695.45388 | HG14: =SUM(GU14:HF14) -> -4868.1772 | HH14: =IF(GT14=0,"",IF(GR14=0,0,GR14-HG14)) -> -3477.2694 | HI14: =IF(HG14=0,"",IF(HG14=FZ14,0,IF(HG14<FZ14,1,2))) -> #REF! | HK14: 1 | HL14: 1 | HM14: =IF($GB14<>"",$GB14,IFERROR(T(INDEX('MATRIZ 2X2'!$J$20:$J$367,MATCH(UPPER(TRIM(SUBSTITUTE(IF(ISNUMBER(VALUE(LEFT(TRIM(J14),6))),MID(TRIM(J14),FIND(" ",TRIM(J14))+1,300),TRIM(J14)),".",""))),'MATRIZ 2X2'!$P$20:$P$367,0))),"")) -> JUN | HN14: =IFERROR(INDEX('MATRIZ 2X2'!$G$20:$G$367,MATCH(UPPER(TRIM(SUBSTITUTE(IF(ISNUMBER(VALUE(LEFT(TRIM(J14),6))),MID(TRIM(J14),FIND(" ",TRIM(J14))+1,300),TRIM(J14)),".",""))),'MATRIZ 2X2'!$P$20:$P$367,0)),"")
A15: =TRIM(E15) -> 212235 | B15: LABORATORIO | C15: PRÉ ANALITICO | D15: TUBO | E15: 212235 | F15: VAC GEL SST 5ML 360060 TB 13X100MM | G15: SP | H15: 3069 | I15: NDI-CD LAPA | J15: GREINER BIO-ONE BRASIL PRO MED HOSP | K15: 578400 | L15: =M15*K15 -> 414050.55 | M15: 0.71585503 | N15: 0.64 | O15: =N15*K15 -> 370176 | P15: BECTON DICKINSON INDUSTRIAS CIRURGI | Q15: 0.62803448 | R15: =IF($Q15="",0,$Q15*$K15) -> 363255.14 | S15: =R15/12 -> 30271.262 | T15: =IF($Q15=0,0,$R15-$L15) -> -50795.406 | U15: =IFERROR(IF(OR(Q15="",Q15=0),"",T15/L15),"") -> -0.12267924 | V15: 0.63755821 | W15: =IF($V15="",0,$V15*$K15) -> 368763.67 | X15: =W15/12 -> 30730.306 | Y15: =IF($V15=0,0,$W15-$L15) -> -45286.882 | Z15: =IFERROR(IF(OR(V15="",V15=0),"",Y15/L15),"") -> -0.10937525 | AA15: 0.12 | AB15: =Q15-Q15*AA15 -> 0.55267034 | AC15: =AB15*K15 -> 319664.53 | AD15: =AC15-R15 -> -43590.617 | AE15: =IF(R15=0,"",AD15/R15) -> -0.12 | AF15: =AC15-W15 -> -49099.141 | AG15: =AF15/W15 -> -0.13314528 | AH15: FINALIZADO | AJ15: =IFERROR(INDEX($AO$1:$FM$1,MATCH($AK15,$AO15:$FM15,0)),"") -> BD COLETA | AK15: =MIN(AO15:FM15) -> 0.64 | AL15: =AK15*K15 -> 370176 | AM15: =IF(OR(AK15="",AK15=0),0,AL15-$W15) -> 1412.3322 | AN15: =IF(AK15=0,"",AM15/$W15) -> 0.0038299115 | AR15: 0.64 | FN15: =$AD15*#REF! -> #REF! | FO15: =$AD15*#REF! -> #REF! | FP15: =$AD15*#REF! -> #REF! | FQ15: =$AD15*#REF! -> #REF! | FR15: =$AD15*#REF! -> #REF! | FS15: =$AD15*#REF! -> #REF! | FT15: =$AD15*#REF! -> #REF! | FU15: =$AD15*#REF! -> #REF! | ... FY15: =$AD15*#REF! -> #REF! | FZ15: =SUM(FN15:FY15) -> #REF! | GA15: =AD15-FZ15 -> #REF! | GB15: JUN | GC15: =IF($GB15="jan",$AM15/12,0) -> 0 | GD15: =IF(GC15<>0,GC15,IF($GB15="fev",$AM15/12,0)) -> 0 | GE15: =IF(GD15<>0,GD15,IF($GB15="mar",$AM15/12,0)) -> 0 | GF15: =IF(GE15<>0,GE15,IF($GB15="abr",$AM15/12,0)) -> 0 | GG15: =IF(GF15<>0,GF15,IF($GB15="mai",$AM15/12,0)) -> 0 | GH15: =IF(GG15<>0,GG15,IF($GB15="jun",$AM15/12,0)) -> 117.69435 | GI15: =IF(GH15<>0,GH15,IF($GB15="jul",$AM15/12,0)) -> 117.69435 | GJ15: =IF(GI15<>0,GI15,IF($GB15="ago",$AM15/12,0)) -> 117.69435 | GK15: =IF(GJ15<>0,GJ15,IF($GB15="set",$AM15/12,0)) -> 117.69435 | GL15: =IF(GK15<>0,GK15,IF($GB15="out",$AM15/12,0)) -> 117.69435 | GM15: =IF(GL15<>0,GL15,IF($GB15="nov",$AM15/12,0)) -> 117.69435 | GN15: =IF(GM15<>0,GM15,IF($GB15="dez",$AM15/12,0)) -> 117.69435 | GO15: =SUM(GC15:GN15) -> 823.86045 | GP15: =IF(GB15="","",IF(AM15=0,0,AM15-GO15)) -> 588.47175 | GQ15: =IF(GO15=0,"",IF(GO15=FZ15,0,IF(GO15<FZ15,1,2))) -> #REF! | GR15: =IF(OR(AK15="",AK15=0),0,AL15-$W15) -> 1412.3322 | GS15: =IF(AK15=0,"",GR15/$W15) -> 0.0038299115 | GT15: =GB15 -> JUN | GU15: =IF($GT15="jan",$GR15/12,0) -> 0 | GV15: =IF(GU15<>0,GU15,IF($GT15="fev",$GR15/12,0)) -> 0 | GW15: =IF(GV15<>0,GV15,IF($GT15="mar",$GR15/12,0)) -> 0 | GX15: =IF(GW15<>0,GW15,IF($GT15="abr",$GR15/12,0)) -> 0 | GY15: =IF(GX15<>0,GX15,IF($GT15="mai",$GR15/12,0)) -> 0 | GZ15: =IF(GY15<>0,GY15,IF($GT15="jun",$GR15/12,0)) -> 117.69435 | HA15: =IF(GZ15<>0,GZ15,IF($GT15="jul",$GR15/12,0)) -> 117.69435 | HB15: =IF(HA15<>0,HA15,IF($GT15="ago",$GR15/12,0)) -> 117.69435 | HC15: =IF(HB15<>0,HB15,IF($GT15="set",$GR15/12,0)) -> 117.69435 | HD15: =IF(HC15<>0,HC15,IF($GT15="out",$GR15/12,0)) -> 117.69435 | HE15: =IF(HD15<>0,HD15,IF($GT15="nov",$GR15/12,0)) -> 117.69435 | HF15: =IF(HE15<>0,HE15,IF($GT15="dez",$GR15/12,0)) -> 117.69435 | HG15: =SUM(GU15:HF15) -> 823.86045 | HH15: =IF(GT15=0,"",IF(GR15=0,0,GR15-HG15)) -> 588.47175 | HI15: =IF(HG15=0,"",IF(HG15=FZ15,0,IF(HG15<FZ15,1,2))) -> #REF! | HK15: 0 | HL15: 0 | HM15: =IF($GB15<>"",$GB15,IFERROR(T(INDEX('MATRIZ 2X2'!$J$20:$J$367,MATCH(UPPER(TRIM(SUBSTITUTE(IF(ISNUMBER(VALUE(LEFT(TRIM(J15),6))),MID(TRIM(J15),FIND(" ",TRIM(J15))+1,300),TRIM(J15)),".",""))),'MATRIZ 2X2'!$P$20:$P$367,0))),"")) -> JUN | HN15: =IFERROR(INDEX('MATRIZ 2X2'!$G$20:$G$367,MATCH(UPPER(TRIM(SUBSTITUTE(IF(ISNUMBER(VALUE(LEFT(TRIM(J15),6))),MID(TRIM(J15),FIND(" ",TRIM(J15))+1,300),TRIM(J15)),".",""))),'MATRIZ 2X2'!$P$20:$P$367,0)),"")
A16: =TRIM(E16) -> 197223 | B16: LABORATORIO | C16: PRÉ ANALITICO | D16: ESCALPE | E16: 197223 | F16: BD VACUT UT/PB 23G 367392 SCALP 1 | G16: BA | H16: 2043 | I16: HAM-CD SALVADOR | J16: BECTON DICKINSON IND CIRURG LTDA | K16: 106750 | L16: =M16*K16 -> 400312.5 | M16: 3.75 | N16: 3.57 | O16: =N16*K16 -> 381097.5 | P16: BECTON DICKINSON INDUSTRIAS CIRURGI | Q16: 4.0070958 | R16: =IF($Q16="",0,$Q16*$K16) -> 427757.47 | S16: =R16/12 -> 35646.456 | T16: =IF($Q16=0,0,$R16-$L16) -> 27444.971 | U16: =IFERROR(IF(OR(Q16="",Q16=0),"",T16/L16),"") -> 0.068558867 | V16: 4.0914771 | W16: =IF($V16="",0,$V16*$K16) -> 436765.18 | X16: =W16/12 -> 36397.098 | Y16: =IF($V16=0,0,$W16-$L16) -> 36452.681 | Z16: =IFERROR(IF(OR(V16="",V16=0),"",Y16/L16),"") -> 0.091060562 | AA16: 0.12 | AB16: =Q16-Q16*AA16 -> 3.5262443 | AC16: =AB16*K16 -> 376426.57 | AD16: =AC16-R16 -> -51330.897 | AE16: =IF(R16=0,"",AD16/R16) -> -0.12 | AF16: =AC16-W16 -> -60338.606 | AG16: =AF16/W16 -> -0.13814885 | AH16: FINALIZADO | AJ16: =IFERROR(INDEX($AO$1:$FM$1,MATCH($AK16,$AO16:$FM16,0)),"") -> BD COLETA | AK16: =MIN(AO16:FM16) -> 3.39 | AL16: =AK16*K16 -> 361882.5 | AM16: =IF(OR(AK16="",AK16=0),0,AL16-$W16) -> -74882.681 | AN16: =IF(AK16=0,"",AM16/$W16) -> -0.17144838 | AR16: 3.39 | BH16: 3.68 | BY16: 10.54 | BZ16: BD | FN16: =$AD16*#REF! -> #REF! | FO16: =$AD16*#REF! -> #REF! | FP16: =$AD16*#REF! -> #REF! | FQ16: =$AD16*#REF! -> #REF! | FR16: =$AD16*#REF! -> #REF! | FS16: =$AD16*#REF! -> #REF! | FT16: =$AD16*#REF! -> #REF! | FU16: =$AD16*#REF! -> #REF! | ... FY16: =$AD16*#REF! -> #REF! | FZ16: =SUM(FN16:FY16) -> #REF! | GA16: =AD16-FZ16 -> #REF! | GB16: JUN | GC16: =IF($GB16="jan",$AM16/12,0) -> 0 | GD16: =IF(GC16<>0,GC16,IF($GB16="fev",$AM16/12,0)) -> 0 | GE16: =IF(GD16<>0,GD16,IF($GB16="mar",$AM16/12,0)) -> 0 | GF16: =IF(GE16<>0,GE16,IF($GB16="abr",$AM16/12,0)) -> 0 | GG16: =IF(GF16<>0,GF16,IF($GB16="mai",$AM16/12,0)) -> 0 | GH16: =IF(GG16<>0,GG16,IF($GB16="jun",$AM16/12,0)) -> -6240.2234 | GI16: =IF(GH16<>0,GH16,IF($GB16="jul",$AM16/12,0)) -> -6240.2234 | GJ16: =IF(GI16<>0,GI16,IF($GB16="ago",$AM16/12,0)) -> -6240.2234 | GK16: =IF(GJ16<>0,GJ16,IF($GB16="set",$AM16/12,0)) -> -6240.2234 | GL16: =IF(GK16<>0,GK16,IF($GB16="out",$AM16/12,0)) -> -6240.2234 | GM16: =IF(GL16<>0,GL16,IF($GB16="nov",$AM16/12,0)) -> -6240.2234 | GN16: =IF(GM16<>0,GM16,IF($GB16="dez",$AM16/12,0)) -> -6240.2234 | GO16: =SUM(GC16:GN16) -> -43681.564 | GP16: =IF(GB16="","",IF(AM16=0,0,AM16-GO16)) -> -31201.117 | GQ16: =IF(GO16=0,"",IF(GO16=FZ16,0,IF(GO16<FZ16,1,2))) -> #REF! | GR16: =IF(OR(AK16="",AK16=0),0,AL16-$W16) -> -74882.681 | GS16: =IF(AK16=0,"",GR16/$W16) -> -0.17144838 | GT16: =GB16 -> JUN | GU16: =IF($GT16="jan",$GR16/12,0) -> 0 | GV16: =IF(GU16<>0,GU16,IF($GT16="fev",$GR16/12,0)) -> 0 | GW16: =IF(GV16<>0,GV16,IF($GT16="mar",$GR16/12,0)) -> 0 | GX16: =IF(GW16<>0,GW16,IF($GT16="abr",$GR16/12,0)) -> 0 | GY16: =IF(GX16<>0,GX16,IF($GT16="mai",$GR16/12,0)) -> 0 | GZ16: =IF(GY16<>0,GY16,IF($GT16="jun",$GR16/12,0)) -> -6240.2234 | HA16: =IF(GZ16<>0,GZ16,IF($GT16="jul",$GR16/12,0)) -> -6240.2234 | HB16: =IF(HA16<>0,HA16,IF($GT16="ago",$GR16/12,0)) -> -6240.2234 | HC16: =IF(HB16<>0,HB16,IF($GT16="set",$GR16/12,0)) -> -6240.2234 | HD16: =IF(HC16<>0,HC16,IF($GT16="out",$GR16/12,0)) -> -6240.2234 | HE16: =IF(HD16<>0,HD16,IF($GT16="nov",$GR16/12,0)) -> -6240.2234 | HF16: =IF(HE16<>0,HE16,IF($GT16="dez",$GR16/12,0)) -> -6240.2234 | HG16: =SUM(GU16:HF16) -> -43681.564 | HH16: =IF(GT16=0,"",IF(GR16=0,0,GR16-HG16)) -> -31201.117 | HI16: =IF(HG16=0,"",IF(HG16=FZ16,0,IF(HG16<FZ16,1,2))) -> #REF! | HK16: 0 | HL16: 0 | HM16: =IF($GB16<>"",$GB16,IFERROR(T(INDEX('MATRIZ 2X2'!$J$20:$J$367,MATCH(UPPER(TRIM(SUBSTITUTE(IF(ISNUMBER(VALUE(LEFT(TRIM(J16),6))),MID(TRIM(J16),FIND(" ",TRIM(J16))+1,300),TRIM(J16)),".",""))),'MATRIZ 2X2'!$P$20:$P$367,0))),"")) -> JUN | HN16: =IFERROR(INDEX('MATRIZ 2X2'!$G$20:$G$367,MATCH(UPPER(TRIM(SUBSTITUTE(IF(ISNUMBER(VALUE(LEFT(TRIM(J16),6))),MID(TRIM(J16),FIND(" ",TRIM(J16))+1,300),TRIM(J16)),".",""))),'MATRIZ 2X2'!$P$20:$P$367,0)),"")
A17: =TRIM(E17) -> 213624 | B17: 159 | C17: PRÉ ANALITICO | D17: SERINGA | E17: 213624 | F17: SERINGA GASO C/HEPAR 2ML | G17: SP | H17: 3069 | I17: NDI-CD LAPA | J17: SARSTEDT LTDA | K17: 205200 | L17: =M17*K17 -> 395325.92 | M17: 1.9265396 | N17: 195.04 | O17: =N17*K17 -> 40022208 | P17: SARSTEDT LTDA | Q17: 1.9595321 | R17: =IF($Q17="",0,$Q17*$K17) -> 402095.99 | S17: =R17/12 -> 33508 | T17: =IF($Q17=0,0,$R17-$L17) -> 6770.0749 | U17: =IFERROR(IF(OR(Q17="",Q17=0),"",T17/L17),"") -> 0.0171253 | V17: 1.9506407 | W17: =IF($V17="",0,$V17*$K17) -> 400271.47 | X17: =W17/12 -> 33355.956 | Y17: =IF($V17=0,0,$W17-$L17) -> 4945.5466 | Z17: =IFERROR(IF(OR(V17="",V17=0),"",Y17/L17),"") -> 0.012510049 | AA17: 0.12 | AB17: =Q17-Q17*AA17 -> 1.7243883 | AC17: =AB17*K17 -> 353844.48 | AD17: =AC17-R17 -> -48251.519 | AE17: =IF(R17=0,"",AD17/R17) -> -0.12 | AF17: =AC17-W17 -> -46426.991 | AG17: =AF17/W17 -> -0.11598876 | AH17: FINALIZADO | AJ17: =IFERROR(INDEX($AO$1:$FM$1,MATCH($AK17,$AO17:$FM17,0)),"") -> SARSTEDT | AK17: =MIN(AO17:FM17) -> 1.95 | AL17: =AK17*K17 -> 400140 | AM17: =IF(OR(AK17="",AK17=0),0,AL17-$W17) -> -131.46661 | AN17: =IF(AK17=0,"",AM17/$W17) -> -0.00032844361 | AV17: 1.95 | AW17: SARSTEDT | BY17: 3.2076 | BZ17: FIRST LAB | FN17: =$AD17*#REF! -> #REF! | FO17: =$AD17*#REF! -> #REF! | FP17: =$AD17*#REF! -> #REF! | FQ17: =$AD17*#REF! -> #REF! | FR17: =$AD17*#REF! -> #REF! | FS17: =$AD17*#REF! -> #REF! | FT17: =$AD17*#REF! -> #REF! | FU17: =$AD17*#REF! -> #REF! | ... FY17: =$AD17*#REF! -> #REF! | FZ17: =SUM(FN17:FY17) -> #REF! | GA17: =AD17-FZ17 -> #REF! | GB17: MAI | GC17: =IF($GB17="jan",$AM17/12,0) -> 0 | GD17: =IF(GC17<>0,GC17,IF($GB17="fev",$AM17/12,0)) -> 0 | GE17: =IF(GD17<>0,GD17,IF($GB17="mar",$AM17/12,0)) -> 0 | GF17: =IF(GE17<>0,GE17,IF($GB17="abr",$AM17/12,0)) -> 0 | GG17: =IF(GF17<>0,GF17,IF($GB17="mai",$AM17/12,0)) -> -10.955551 | GH17: =IF(GG17<>0,GG17,IF($GB17="jun",$AM17/12,0)) -> -10.955551 | GI17: =IF(GH17<>0,GH17,IF($GB17="jul",$AM17/12,0)) -> -10.955551 | GJ17: =IF(GI17<>0,GI17,IF($GB17="ago",$AM17/12,0)) -> -10.955551 | GK17: =IF(GJ17<>0,GJ17,IF($GB17="set",$AM17/12,0)) -> -10.955551 | GL17: =IF(GK17<>0,GK17,IF($GB17="out",$AM17/12,0)) -> -10.955551 | GM17: =IF(GL17<>0,GL17,IF($GB17="nov",$AM17/12,0)) -> -10.955551 | GN17: =IF(GM17<>0,GM17,IF($GB17="dez",$AM17/12,0)) -> -10.955551 | GO17: =SUM(GC17:GN17) -> -87.644404 | GP17: =IF(GB17="","",IF(AM17=0,0,AM17-GO17)) -> -43.822202 | GQ17: =IF(GO17=0,"",IF(GO17=FZ17,0,IF(GO17<FZ17,1,2))) -> #REF! | GR17: =IF(OR(AK17="",AK17=0),0,AL17-$W17) -> -131.46661 | GS17: =IF(AK17=0,"",GR17/$W17) -> -0.00032844361 | GT17: =GB17 -> MAI | GU17: =IF($GT17="jan",$GR17/12,0) -> 0 | GV17: =IF(GU17<>0,GU17,IF($GT17="fev",$GR17/12,0)) -> 0 | GW17: =IF(GV17<>0,GV17,IF($GT17="mar",$GR17/12,0)) -> 0 | GX17: =IF(GW17<>0,GW17,IF($GT17="abr",$GR17/12,0)) -> 0 | GY17: =IF(GX17<>0,GX17,IF($GT17="mai",$GR17/12,0)) -> -10.955551 | GZ17: =IF(GY17<>0,GY17,IF($GT17="jun",$GR17/12,0)) -> -10.955551 | HA17: =IF(GZ17<>0,GZ17,IF($GT17="jul",$GR17/12,0)) -> -10.955551 | HB17: =IF(HA17<>0,HA17,IF($GT17="ago",$GR17/12,0)) -> -10.955551 | HC17: =IF(HB17<>0,HB17,IF($GT17="set",$GR17/12,0)) -> -10.955551 | HD17: =IF(HC17<>0,HC17,IF($GT17="out",$GR17/12,0)) -> -10.955551 | HE17: =IF(HD17<>0,HD17,IF($GT17="nov",$GR17/12,0)) -> -10.955551 | HF17: =IF(HE17<>0,HE17,IF($GT17="dez",$GR17/12,0)) -> -10.955551 | HG17: =SUM(GU17:HF17) -> -87.644404 | HH17: =IF(GT17=0,"",IF(GR17=0,0,GR17-HG17)) -> -43.822202 | HI17: =IF(HG17=0,"",IF(HG17=FZ17,0,IF(HG17<FZ17,1,2))) -> #REF! | HK17: 1 | HL17: 1 | HM17: =IF($GB17<>"",$GB17,IFERROR(T(INDEX('MATRIZ 2X2'!$J$20:$J$367,MATCH(UPPER(TRIM(SUBSTITUTE(IF(ISNUMBER(VALUE(LEFT(TRIM(J17),6))),MID(TRIM(J17),FIND(" ",TRIM(J17))+1,300),TRIM(J17)),".",""))),'MATRIZ 2X2'!$P$20:$P$367,0))),"")) -> MAI | HN17: =IFERROR(INDEX('MATRIZ 2X2'!$G$20:$G$367,MATCH(UPPER(TRIM(SUBSTITUTE(IF(ISNUMBER(VALUE(LEFT(TRIM(J17),6))),MID(TRIM(J17),FIND(" ",TRIM(J17))+1,300),TRIM(J17)),".",""))),'MATRIZ 2X2'!$P$20:$P$367,0)),"")
A18: =TRIM(E18) -> 150420 | B18: LABORATORIO | C18: PRÉ ANALITICO | D18: AGULHA | E18: 150420 | F18: AGULHA MULTI COL SANG DISPSEG 21G 368607 | G18: CE | H18: 2045 | I18: HAM-CD FORTALEZA | J18: BECTON DICKINSON IND CIRURG LTDA | K18: 568752 | L18: =M18*K18 -> 381065.25 | M18: 0.67000248 | N18: 0.74 | O18: =N18*K18 -> 420876.48 | P18: BECTON DICKINSON INDUSTRIAS CIRURGI | Q18: 0.77025788 | R18: =IF($Q18="",0,$Q18*$K18) -> 438085.71 | S18: =R18/12 -> 36507.143 | T18: =IF($Q18=0,0,$R18-$L18) -> 57020.462 | U18: =IFERROR(IF(OR(Q18="",Q18=0),"",T18/L18),"") -> 0.14963438 | V18: 0.79462732 | W18: =IF($V18="",0,$V18*$K18) -> 451945.88 | X18: =W18/12 -> 37662.157 | Y18: =IF($V18=0,0,$W18-$L18) -> 70880.63 | Z18: =IFERROR(IF(OR(V18="",V18=0),"",Y18/L18),"") -> 0.18600654 | AA18: 0.12 | AB18: =Q18-Q18*AA18 -> 0.67782694 | AC18: =AB18*K18 -> 385515.43 | AD18: =AC18-R18 -> -52570.285 | AE18: =IF(R18=0,"",AD18/R18) -> -0.12 | AF18: =AC18-W18 -> -66430.453 | AG18: =AF18/W18 -> -0.14698763 | AH18: FINALIZADO | AJ18: =IFERROR(INDEX($AO$1:$FM$1,MATCH($AK18,$AO18:$FM18,0)),"") -> BD COLETA | AK18: =MIN(AO18:FM18) -> 0.74 | AL18: =AK18*K18 -> 420876.48 | AM18: =IF(OR(AK18="",AK18=0),0,AL18-$W18) -> -31069.4 | AN18: =IF(AK18=0,"",AM18/$W18) -> -0.068745842 | AR18: 0.74 | BY18: 1.30832 | BZ18: LABOR IMPORT | FN18: =$AD18*#REF! -> #REF! | FO18: =$AD18*#REF! -> #REF! | FP18: =$AD18*#REF! -> #REF! | FQ18: =$AD18*#REF! -> #REF! | FR18: =$AD18*#REF! -> #REF! | FS18: =$AD18*#REF! -> #REF! | FT18: =$AD18*#REF! -> #REF! | FU18: =$AD18*#REF! -> #REF! | ... FY18: =$AD18*#REF! -> #REF! | FZ18: =SUM(FN18:FY18) -> #REF! | GA18: =AD18-FZ18 -> #REF! | GB18: JUN | GC18: =IF($GB18="jan",$AM18/12,0) -> 0 | GD18: =IF(GC18<>0,GC18,IF($GB18="fev",$AM18/12,0)) -> 0 | GE18: =IF(GD18<>0,GD18,IF($GB18="mar",$AM18/12,0)) -> 0 | GF18: =IF(GE18<>0,GE18,IF($GB18="abr",$AM18/12,0)) -> 0 | GG18: =IF(GF18<>0,GF18,IF($GB18="mai",$AM18/12,0)) -> 0 | GH18: =IF(GG18<>0,GG18,IF($GB18="jun",$AM18/12,0)) -> -2589.1167 | GI18: =IF(GH18<>0,GH18,IF($GB18="jul",$AM18/12,0)) -> -2589.1167 | GJ18: =IF(GI18<>0,GI18,IF($GB18="ago",$AM18/12,0)) -> -2589.1167 | GK18: =IF(GJ18<>0,GJ18,IF($GB18="set",$AM18/12,0)) -> -2589.1167 | GL18: =IF(GK18<>0,GK18,IF($GB18="out",$AM18/12,0)) -> -2589.1167 | GM18: =IF(GL18<>0,GL18,IF($GB18="nov",$AM18/12,0)) -> -2589.1167 | GN18: =IF(GM18<>0,GM18,IF($GB18="dez",$AM18/12,0)) -> -2589.1167 | GO18: =SUM(GC18:GN18) -> -18123.817 | GP18: =IF(GB18="","",IF(AM18=0,0,AM18-GO18)) -> -12945.583 | GQ18: =IF(GO18=0,"",IF(GO18=FZ18,0,IF(GO18<FZ18,1,2))) -> #REF! | GR18: =IF(OR(AK18="",AK18=0),0,AL18-$W18) -> -31069.4 | GS18: =IF(AK18=0,"",GR18/$W18) -> -0.068745842 | GT18: =GB18 -> JUN | GU18: =IF($GT18="jan",$GR18/12,0) -> 0 | GV18: =IF(GU18<>0,GU18,IF($GT18="fev",$GR18/12,0)) -> 0 | GW18: =IF(GV18<>0,GV18,IF($GT18="mar",$GR18/12,0)) -> 0 | GX18: =IF(GW18<>0,GW18,IF($GT18="abr",$GR18/12,0)) -> 0 | GY18: =IF(GX18<>0,GX18,IF($GT18="mai",$GR18/12,0)) -> 0 | GZ18: =IF(GY18<>0,GY18,IF($GT18="jun",$GR18/12,0)) -> -2589.1167 | HA18: =IF(GZ18<>0,GZ18,IF($GT18="jul",$GR18/12,0)) -> -2589.1167 | HB18: =IF(HA18<>0,HA18,IF($GT18="ago",$GR18/12,0)) -> -2589.1167 | HC18: =IF(HB18<>0,HB18,IF($GT18="set",$GR18/12,0)) -> -2589.1167 | HD18: =IF(HC18<>0,HC18,IF($GT18="out",$GR18/12,0)) -> -2589.1167 | HE18: =IF(HD18<>0,HD18,IF($GT18="nov",$GR18/12,0)) -> -2589.1167 | HF18: =IF(HE18<>0,HE18,IF($GT18="dez",$GR18/12,0)) -> -2589.1167 | HG18: =SUM(GU18:HF18) -> -18123.817 | HH18: =IF(GT18=0,"",IF(GR18=0,0,GR18-HG18)) -> -12945.583 | HI18: =IF(HG18=0,"",IF(HG18=FZ18,0,IF(HG18<FZ18,1,2))) -> #REF! | HK18: 0 | HL18: 0 | HM18: =IF($GB18<>"",$GB18,IFERROR(T(INDEX('MATRIZ 2X2'!$J$20:$J$367,MATCH(UPPER(TRIM(SUBSTITUTE(IF(ISNUMBER(VALUE(LEFT(TRIM(J18),6))),MID(TRIM(J18),FIND(" ",TRIM(J18))+1,300),TRIM(J18)),".",""))),'MATRIZ 2X2'!$P$20:$P$367,0))),"")) -> JUN | HN18: =IFERROR(INDEX('MATRIZ 2X2'!$G$20:$G$367,MATCH(UPPER(TRIM(SUBSTITUTE(IF(ISNUMBER(VALUE(LEFT(TRIM(J18),6))),MID(TRIM(J18),FIND(" ",TRIM(J18))+1,300),TRIM(J18)),".",""))),'MATRIZ 2X2'!$P$20:$P$367,0)),"")
A19: =TRIM(E19) -> 212235 | B19: LABORATORIO | C19: PRÉ ANALITICO | D19: TUBO | E19: 212235 | F19: VAC GEL SST 5ML 360060 TB 13X100MM | G19: PE | H19: 2044 | I19: HAM-CD RECIFE | J19: BECTON DICKINSON IND CIRURG LTDA | K19: 603700 | L19: =M19*K19 -> 356183 | M19: 0.59 | N19: 0.64 | O19: =N19*K19 -> 386368 | P19: BECTON DICKINSON INDUSTRIAS CIRURGI | Q19: 0.62803448 | R19: =IF($Q19="",0,$Q19*$K19) -> 379144.42 | S19: =R19/12 -> 31595.368 | T19: =IF($Q19=0,0,$R19-$L19) -> 22961.416 | U19: =IFERROR(IF(OR(Q19="",Q19=0),"",T19/L19),"") -> 0.064465222 | V19: 0.63755821 | W19: =IF($V19="",0,$V19*$K19) -> 384893.89 | X19: =W19/12 -> 32074.491 | Y19: =IF($V19=0,0,$W19-$L19) -> 28710.89 | Z19: =IFERROR(IF(OR(V19="",V19=0),"",Y19/L19),"") -> 0.080607133 | AA19: 0.12 | AB19: =Q19-Q19*AA19 -> 0.55267034 | AC19: =AB19*K19 -> 333647.09 | AD19: =AC19-R19 -> -45497.33 | AE19: =IF(R19=0,"",AD19/R19) -> -0.12 | AF19: =AC19-W19 -> -51246.804 | AG19: =AF19/W19 -> -0.13314528 | AH19: FINALIZADO | AJ19: =IFERROR(INDEX($AO$1:$FM$1,MATCH($AK19,$AO19:$FM19,0)),"") -> BD COLETA | AK19: =MIN(AO19:FM19) -> 0.64 | AL19: =AK19*K19 -> 386368 | AM19: =IF(OR(AK19="",AK19=0),0,AL19-$W19) -> 1474.1095 | AN19: =IF(AK19=0,"",AM19/$W19) -> 0.0038299115 | AR19: 0.64 | FN19: =$AD19*#REF! -> #REF! | FO19: =$AD19*#REF! -> #REF! | FP19: =$AD19*#REF! -> #REF! | FQ19: =$AD19*#REF! -> #REF! | FR19: =$AD19*#REF! -> #REF! | FS19: =$AD19*#REF! -> #REF! | FT19: =$AD19*#REF! -> #REF! | FU19: =$AD19*#REF! -> #REF! | ... FY19: =$AD19*#REF! -> #REF! | FZ19: =SUM(FN19:FY19) -> #REF! | GA19: =AD19-FZ19 -> #REF! | GB19: JUN | GC19: =IF($GB19="jan",$AM19/12,0) -> 0 | GD19: =IF(GC19<>0,GC19,IF($GB19="fev",$AM19/12,0)) -> 0 | GE19: =IF(GD19<>0,GD19,IF($GB19="mar",$AM19/12,0)) -> 0 | GF19: =IF(GE19<>0,GE19,IF($GB19="abr",$AM19/12,0)) -> 0 | GG19: =IF(GF19<>0,GF19,IF($GB19="mai",$AM19/12,0)) -> 0 | GH19: =IF(GG19<>0,GG19,IF($GB19="jun",$AM19/12,0)) -> 122.84246 | GI19: =IF(GH19<>0,GH19,IF($GB19="jul",$AM19/12,0)) -> 122.84246 | GJ19: =IF(GI19<>0,GI19,IF($GB19="ago",$AM19/12,0)) -> 122.84246 | GK19: =IF(GJ19<>0,GJ19,IF($GB19="set",$AM19/12,0)) -> 122.84246 | GL19: =IF(GK19<>0,GK19,IF($GB19="out",$AM19/12,0)) -> 122.84246 | GM19: =IF(GL19<>0,GL19,IF($GB19="nov",$AM19/12,0)) -> 122.84246 | GN19: =IF(GM19<>0,GM19,IF($GB19="dez",$AM19/12,0)) -> 122.84246 | GO19: =SUM(GC19:GN19) -> 859.89722 | GP19: =IF(GB19="","",IF(AM19=0,0,AM19-GO19)) -> 614.2123 | GQ19: =IF(GO19=0,"",IF(GO19=FZ19,0,IF(GO19<FZ19,1,2))) -> #REF! | GR19: =IF(OR(AK19="",AK19=0),0,AL19-$W19) -> 1474.1095 | GS19: =IF(AK19=0,"",GR19/$W19) -> 0.0038299115 | GT19: =GB19 -> JUN | GU19: =IF($GT19="jan",$GR19/12,0) -> 0 | GV19: =IF(GU19<>0,GU19,IF($GT19="fev",$GR19/12,0)) -> 0 | GW19: =IF(GV19<>0,GV19,IF($GT19="mar",$GR19/12,0)) -> 0 | GX19: =IF(GW19<>0,GW19,IF($GT19="abr",$GR19/12,0)) -> 0 | GY19: =IF(GX19<>0,GX19,IF($GT19="mai",$GR19/12,0)) -> 0 | GZ19: =IF(GY19<>0,GY19,IF($GT19="jun",$GR19/12,0)) -> 122.84246 | HA19: =IF(GZ19<>0,GZ19,IF($GT19="jul",$GR19/12,0)) -> 122.84246 | HB19: =IF(HA19<>0,HA19,IF($GT19="ago",$GR19/12,0)) -> 122.84246 | HC19: =IF(HB19<>0,HB19,IF($GT19="set",$GR19/12,0)) -> 122.84246 | HD19: =IF(HC19<>0,HC19,IF($GT19="out",$GR19/12,0)) -> 122.84246 | HE19: =IF(HD19<>0,HD19,IF($GT19="nov",$GR19/12,0)) -> 122.84246 | HF19: =IF(HE19<>0,HE19,IF($GT19="dez",$GR19/12,0)) -> 122.84246 | HG19: =SUM(GU19:HF19) -> 859.89722 | HH19: =IF(GT19=0,"",IF(GR19=0,0,GR19-HG19)) -> 614.2123 | HI19: =IF(HG19=0,"",IF(HG19=FZ19,0,IF(HG19<FZ19,1,2))) -> #REF! | HK19: 0 | HL19: 0 | HM19: =IF($GB19<>"",$GB19,IFERROR(T(INDEX('MATRIZ 2X2'!$J$20:$J$367,MATCH(UPPER(TRIM(SUBSTITUTE(IF(ISNUMBER(VALUE(LEFT(TRIM(J19),6))),MID(TRIM(J19),FIND(" ",TRIM(J19))+1,300),TRIM(J19)),".",""))),'MATRIZ 2X2'!$P$20:$P$367,0))),"")) -> JUN | HN19: =IFERROR(INDEX('MATRIZ 2X2'!$G$20:$G$367,MATCH(UPPER(TRIM(SUBSTITUTE(IF(ISNUMBER(VALUE(LEFT(TRIM(J19),6))),MID(TRIM(J19),FIND(" ",TRIM(J19))+1,300),TRIM(J19)),".",""))),'MATRIZ 2X2'!$P$20:$P$367,0)),"")
A20: =TRIM(E20) -> 212236 | B20: LABORATORIO | C20: PRÉ ANALITICO | D20: TUBO | E20: 212236 | F20: VACUT K2 EDTA 4ML 360057 TB 13X75MM | G20: SP | H20: 3069 | I20: NDI-CD LAPA | J20: GREINER BIO-ONE BRASIL PRO MED HOSP | K20: 684000 | L20: =M20*K20 -> 324758.89 | M20: 0.4747937 | N20: 0.39 | O20: =N20*K20 -> 266760 | P20: BECTON DICKINSON INDUSTRIAS CIRURGI | Q20: 0.38626284 | R20: =IF($Q20="",0,$Q20*$K20) -> 264203.78 | S20: =R20/12 -> 22016.982 | T20: =IF($Q20=0,0,$R20-$L20) -> -60555.107 | U20: =IFERROR(IF(OR(Q20="",Q20=0),"",T20/L20),"") -> -0.18646174 | V20: 0.39726512 | W20: =IF($V20="",0,$V20*$K20) -> 271729.34 | X20: =W20/12 -> 22644.112 | Y20: =IF($V20=0,0,$W20-$L20) -> -53029.546 | Z20: =IFERROR(IF(OR(V20="",V20=0),"",Y20/L20),"") -> -0.16328897 | AA20: 0.12 | AB20: =Q20-Q20*AA20 -> 0.3399113 | AC20: =AB20*K20 -> 232499.33 | AD20: =AC20-R20 -> -31704.454 | AE20: =IF(R20=0,"",AD20/R20) -> -0.12 | AF20: =AC20-W20 -> -39230.015 | AG20: =AF20/W20 -> -0.14437166 | AH20: FINALIZADO | AJ20: =IFERROR(INDEX($AO$1:$FM$1,MATCH($AK20,$AO20:$FM20,0)),"") -> BD COLETA | AK20: =MIN(AO20:FM20) -> 0.39 | AL20: =AK20*K20 -> 266760 | AM20: =IF(OR(AK20="",AK20=0),0,AL20-$W20) -> -4969.344 | AN20: =IF(AK20=0,"",AM20/$W20) -> -0.018287845 | AR20: 0.39 | FN20: =$AD20*#REF! -> #REF! | FO20: =$AD20*#REF! -> #REF! | FP20: =$AD20*#REF! -> #REF! | FQ20: =$AD20*#REF! -> #REF! | FR20: =$AD20*#REF! -> #REF! | FS20: =$AD20*#REF! -> #REF! | FT20: =$AD20*#REF! -> #REF! | FU20: =$AD20*#REF! -> #REF! | ... FY20: =$AD20*#REF! -> #REF! | FZ20: =SUM(FN20:FY20) -> #REF! | GA20: =AD20-FZ20 -> #REF! | GB20: JUN | GC20: =IF($GB20="jan",$AM20/12,0) -> 0 | GD20: =IF(GC20<>0,GC20,IF($GB20="fev",$AM20/12,0)) -> 0 | GE20: =IF(GD20<>0,GD20,IF($GB20="mar",$AM20/12,0)) -> 0 | GF20: =IF(GE20<>0,GE20,IF($GB20="abr",$AM20/12,0)) -> 0 | GG20: =IF(GF20<>0,GF20,IF($GB20="mai",$AM20/12,0)) -> 0 | GH20: =IF(GG20<>0,GG20,IF($GB20="jun",$AM20/12,0)) -> -414.112 | GI20: =IF(GH20<>0,GH20,IF($GB20="jul",$AM20/12,0)) -> -414.112 | GJ20: =IF(GI20<>0,GI20,IF($GB20="ago",$AM20/12,0)) -> -414.112 | GK20: =IF(GJ20<>0,GJ20,IF($GB20="set",$AM20/12,0)) -> -414.112 | GL20: =IF(GK20<>0,GK20,IF($GB20="out",$AM20/12,0)) -> -414.112 | GM20: =IF(GL20<>0,GL20,IF($GB20="nov",$AM20/12,0)) -> -414.112 | GN20: =IF(GM20<>0,GM20,IF($GB20="dez",$AM20/12,0)) -> -414.112 | GO20: =SUM(GC20:GN20) -> -2898.784 | GP20: =IF(GB20="","",IF(AM20=0,0,AM20-GO20)) -> -2070.56 | GQ20: =IF(GO20=0,"",IF(GO20=FZ20,0,IF(GO20<FZ20,1,2))) -> #REF! | GR20: =IF(OR(AK20="",AK20=0),0,AL20-$W20) -> -4969.344 | GS20: =IF(AK20=0,"",GR20/$W20) -> -0.018287845 | GT20: =GB20 -> JUN | GU20: =IF($GT20="jan",$GR20/12,0) -> 0 | GV20: =IF(GU20<>0,GU20,IF($GT20="fev",$GR20/12,0)) -> 0 | GW20: =IF(GV20<>0,GV20,IF($GT20="mar",$GR20/12,0)) -> 0 | GX20: =IF(GW20<>0,GW20,IF($GT20="abr",$GR20/12,0)) -> 0 | GY20: =IF(GX20<>0,GX20,IF($GT20="mai",$GR20/12,0)) -> 0 | GZ20: =IF(GY20<>0,GY20,IF($GT20="jun",$GR20/12,0)) -> -414.112 | HA20: =IF(GZ20<>0,GZ20,IF($GT20="jul",$GR20/12,0)) -> -414.112 | HB20: =IF(HA20<>0,HA20,IF($GT20="ago",$GR20/12,0)) -> -414.112 | HC20: =IF(HB20<>0,HB20,IF($GT20="set",$GR20/12,0)) -> -414.112 | HD20: =IF(HC20<>0,HC20,IF($GT20="out",$GR20/12,0)) -> -414.112 | HE20: =IF(HD20<>0,HD20,IF($GT20="nov",$GR20/12,0)) -> -414.112 | HF20: =IF(HE20<>0,HE20,IF($GT20="dez",$GR20/12,0)) -> -414.112 | HG20: =SUM(GU20:HF20) -> -2898.784 | HH20: =IF(GT20=0,"",IF(GR20=0,0,GR20-HG20)) -> -2070.56 | HI20: =IF(HG20=0,"",IF(HG20=FZ20,0,IF(HG20<FZ20,1,2))) -> #REF! | HK20: 0 | HL20: 0 | HM20: =IF($GB20<>"",$GB20,IFERROR(T(INDEX('MATRIZ 2X2'!$J$20:$J$367,MATCH(UPPER(TRIM(SUBSTITUTE(IF(ISNUMBER(VALUE(LEFT(TRIM(J20),6))),MID(TRIM(J20),FIND(" ",TRIM(J20))+1,300),TRIM(J20)),".",""))),'MATRIZ 2X2'!$P$20:$P$367,0))),"")) -> JUN | HN20: =IFERROR(INDEX('MATRIZ 2X2'!$G$20:$G$367,MATCH(UPPER(TRIM(SUBSTITUTE(IF(ISNUMBER(VALUE(LEFT(TRIM(J20),6))),MID(TRIM(J20),FIND(" ",TRIM(J20))+1,300),TRIM(J20)),".",""))),'MATRIZ 2X2'!$P$20:$P$367,0)),"")
A21: =TRIM(E21) -> 152794 | B21: LABORATORIO | C21: PRÉ ANALITICO | D21: TUBO | E21: 152794 | F21: TUBO 13X75MM C/CIT SODIO 2.7ML 363083 | G21: AM | H21: 2245 | I21: HAM-HOSP SAO LUCAS | J21: BECTON DICKINSON INDUSTRIAS CIRURGI | K21: 261010 | L21: =M21*K21 -> 318432.2 | M21: 1.22 | N21: 1.22 | O21: =N21*K21 -> 318432.2 | P21: BECTON DICKINSON INDUSTRIAS CIRURGI | Q21: 1.3888301 | R21: =IF($Q21="",0,$Q21*$K21) -> 362498.55 | S21: =R21/12 -> 30208.213 | T21: =IF($Q21=0,0,$R21-$L21) -> 44066.354 | U21: =IFERROR(IF(OR(Q21="",Q21=0),"",T21/L21),"") -> 0.13838536 | V21: 1.5089743 | W21: =IF($V21="",0,$V21*$K21) -> 393857.39 | X21: =W21/12 -> 32821.449 | Y21: =IF($V21=0,0,$W21-$L21) -> 75425.187 | Z21: =IFERROR(IF(OR(V21="",V21=0),"",Y21/L21),"") -> 0.2368642 | AA21: 0.12 | AB21: =Q21-Q21*AA21 -> 1.2221705 | AC21: =AB21*K21 -> 318998.73 | AD21: =AC21-R21 -> -43499.826 | AE21: =IF(R21=0,"",AD21/R21) -> -0.12 | AF21: =AC21-W21 -> -74858.66 | AG21: =AF21/W21 -> -0.19006539 | AH21: FINALIZADO | AJ21: =IFERROR(INDEX($AO$1:$FM$1,MATCH($AK21,$AO21:$FM21,0)),"") -> BD COLETA | AK21: =MIN(AO21:FM21) -> 1.22 | AL21: =AK21*K21 -> 318432.2 | AM21: =IF(OR(AK21="",AK21=0),0,AL21-$W21) -> -75425.187 | AN21: =IF(AK21=0,"",AM21/$W21) -> -0.1915038 | AR21: 1.22 | AS21: 2.3 | FN21: =$AD21*#REF! -> #REF! | FO21: =$AD21*#REF! -> #REF! | FP21: =$AD21*#REF! -> #REF! | FQ21: =$AD21*#REF! -> #REF! | FR21: =$AD21*#REF! -> #REF! | FS21: =$AD21*#REF! -> #REF! | FT21: =$AD21*#REF! -> #REF! | FU21: =$AD21*#REF! -> #REF! | ... FY21: =$AD21*#REF! -> #REF! | FZ21: =SUM(FN21:FY21) -> #REF! | GA21: =AD21-FZ21 -> #REF! | GB21: JUN | GC21: =IF($GB21="jan",$AM21/12,0) -> 0 | GD21: =IF(GC21<>0,GC21,IF($GB21="fev",$AM21/12,0)) -> 0 | GE21: =IF(GD21<>0,GD21,IF($GB21="mar",$AM21/12,0)) -> 0 | GF21: =IF(GE21<>0,GE21,IF($GB21="abr",$AM21/12,0)) -> 0 | GG21: =IF(GF21<>0,GF21,IF($GB21="mai",$AM21/12,0)) -> 0 | GH21: =IF(GG21<>0,GG21,IF($GB21="jun",$AM21/12,0)) -> -6285.4323 | GI21: =IF(GH21<>0,GH21,IF($GB21="jul",$AM21/12,0)) -> -6285.4323 | GJ21: =IF(GI21<>0,GI21,IF($GB21="ago",$AM21/12,0)) -> -6285.4323 | GK21: =IF(GJ21<>0,GJ21,IF($GB21="set",$AM21/12,0)) -> -6285.4323 | GL21: =IF(GK21<>0,GK21,IF($GB21="out",$AM21/12,0)) -> -6285.4323 | GM21: =IF(GL21<>0,GL21,IF($GB21="nov",$AM21/12,0)) -> -6285.4323 | GN21: =IF(GM21<>0,GM21,IF($GB21="dez",$AM21/12,0)) -> -6285.4323 | GO21: =SUM(GC21:GN21) -> -43998.026 | GP21: =IF(GB21="","",IF(AM21=0,0,AM21-GO21)) -> -31427.161 | GQ21: =IF(GO21=0,"",IF(GO21=FZ21,0,IF(GO21<FZ21,1,2))) -> #REF! | GR21: =IF(OR(AK21="",AK21=0),0,AL21-$W21) -> -75425.187 | GS21: =IF(AK21=0,"",GR21/$W21) -> -0.1915038 | GT21: =GB21 -> JUN | GU21: =IF($GT21="jan",$GR21/12,0) -> 0 | GV21: =IF(GU21<>0,GU21,IF($GT21="fev",$GR21/12,0)) -> 0 | GW21: =IF(GV21<>0,GV21,IF($GT21="mar",$GR21/12,0)) -> 0 | GX21: =IF(GW21<>0,GW21,IF($GT21="abr",$GR21/12,0)) -> 0 | GY21: =IF(GX21<>0,GX21,IF($GT21="mai",$GR21/12,0)) -> 0 | GZ21: =IF(GY21<>0,GY21,IF($GT21="jun",$GR21/12,0)) -> -6285.4323 | HA21: =IF(GZ21<>0,GZ21,IF($GT21="jul",$GR21/12,0)) -> -6285.4323 | HB21: =IF(HA21<>0,HA21,IF($GT21="ago",$GR21/12,0)) -> -6285.4323 | HC21: =IF(HB21<>0,HB21,IF($GT21="set",$GR21/12,0)) -> -6285.4323 | HD21: =IF(HC21<>0,HC21,IF($GT21="out",$GR21/12,0)) -> -6285.4323 | HE21: =IF(HD21<>0,HD21,IF($GT21="nov",$GR21/12,0)) -> -6285.4323 | HF21: =IF(HE21<>0,HE21,IF($GT21="dez",$GR21/12,0)) -> -6285.4323 | HG21: =SUM(GU21:HF21) -> -43998.026 | HH21: =IF(GT21=0,"",IF(GR21=0,0,GR21-HG21)) -> -31427.161 | HI21: =IF(HG21=0,"",IF(HG21=FZ21,0,IF(HG21<FZ21,1,2))) -> #REF! | HK21: 0 | HL21: 0 | HM21: =IF($GB21<>"",$GB21,IFERROR(T(INDEX('MATRIZ 2X2'!$J$20:$J$367,MATCH(UPPER(TRIM(SUBSTITUTE(IF(ISNUMBER(VALUE(LEFT(TRIM(J21),6))),MID(TRIM(J21),FIND(" ",TRIM(J21))+1,300),TRIM(J21)),".",""))),'MATRIZ 2X2'!$P$20:$P$367,0))),"")) -> JUN | HN21: =IFERROR(INDEX('MATRIZ 2X2'!$G$20:$G$367,MATCH(UPPER(TRIM(SUBSTITUTE(IF(ISNUMBER(VALUE(LEFT(TRIM(J21),6))),MID(TRIM(J21),FIND(" ",TRIM(J21))+1,300),TRIM(J21)),".",""))),'MATRIZ 2X2'!$P$20:$P$367,0)),"")
A22: =TRIM(E22) -> 213624 | B22: LABORATORIO | C22: PRÉ ANALITICO | D22: SERINGA | E22: 213624 | F22: SERINGA GASO C/HEPAR 2ML | G22: AM | H22: 2245 | I22: HAM-HOSP SAO LUCAS | J22: SARSTEDT LTDA | K22: 162400 | L22: =M22*K22 -> 314904.64 | M22: 1.939068 | N22: 195.04 | O22: =N22*K22 -> 31674496 | P22: SARSTEDT LTDA | Q22: 1.9595321 | R22: =IF($Q22="",0,$Q22*$K22) -> 318228.02 | S22: =R22/12 -> 26519.002 | T22: =IF($Q22=0,0,$R22-$L22) -> 3323.3793 | U22: =IFERROR(IF(OR(Q22="",Q22=0),"",T22/L22),"") -> 0.010553605 | V22: 1.9506407 | W22: =IF($V22="",0,$V22*$K22) -> 316784.05 | X22: =W22/12 -> 26398.67 | Y22: =IF($V22=0,0,$W22-$L22) -> 1879.4057 | Z22: =IFERROR(IF(OR(V22="",V22=0),"",Y22/L22),"") -> 0.005968174 | AA22: 0.12 | AB22: =Q22-Q22*AA22 -> 1.7243883 | AC22: =AB22*K22 -> 280040.66 | AD22: =AC22-R22 -> -38187.362 | AE22: =IF(R22=0,"",AD22/R22) -> -0.12 | AF22: =AC22-W22 -> -36743.389 | AG22: =AF22/W22 -> -0.11598876 | AH22: FINALIZADO | AJ22: =IFERROR(INDEX($AO$1:$FM$1,MATCH($AK22,$AO22:$FM22,0)),"") -> SARSTEDT | AK22: =MIN(AO22:FM22) -> 1.95 | AL22: =AK22*K22 -> 316680 | AM22: =IF(OR(AK22="",AK22=0),0,AL22-$W22) -> -104.0457 | AN22: =IF(AK22=0,"",AM22/$W22) -> -0.00032844361 | AV22: 1.95 | AW22: SARSTEDT | BY22: 3.63528 | BZ22: FIRST LAB | FN22: =$AD22*#REF! -> #REF! | FO22: =$AD22*#REF! -> #REF! | FP22: =$AD22*#REF! -> #REF! | FQ22: =$AD22*#REF! -> #REF! | FR22: =$AD22*#REF! -> #REF! | FS22: =$AD22*#REF! -> #REF! | FT22: =$AD22*#REF! -> #REF! | FU22: =$AD22*#REF! -> #REF! | ... FY22: =$AD22*#REF! -> #REF! | FZ22: =SUM(FN22:FY22) -> #REF! | GA22: =AD22-FZ22 -> #REF! | GB22: MAI | GC22: =IF($GB22="jan",$AM22/12,0) -> 0 | GD22: =IF(GC22<>0,GC22,IF($GB22="fev",$AM22/12,0)) -> 0 | GE22: =IF(GD22<>0,GD22,IF($GB22="mar",$AM22/12,0)) -> 0 | GF22: =IF(GE22<>0,GE22,IF($GB22="abr",$AM22/12,0)) -> 0 | GG22: =IF(GF22<>0,GF22,IF($GB22="mai",$AM22/12,0)) -> -8.6704747 | GH22: =IF(GG22<>0,GG22,IF($GB22="jun",$AM22/12,0)) -> -8.6704747 | GI22: =IF(GH22<>0,GH22,IF($GB22="jul",$AM22/12,0)) -> -8.6704747 | GJ22: =IF(GI22<>0,GI22,IF($GB22="ago",$AM22/12,0)) -> -8.6704747 | GK22: =IF(GJ22<>0,GJ22,IF($GB22="set",$AM22/12,0)) -> -8.6704747 | GL22: =IF(GK22<>0,GK22,IF($GB22="out",$AM22/12,0)) -> -8.6704747 | GM22: =IF(GL22<>0,GL22,IF($GB22="nov",$AM22/12,0)) -> -8.6704747 | GN22: =IF(GM22<>0,GM22,IF($GB22="dez",$AM22/12,0)) -> -8.6704747 | GO22: =SUM(GC22:GN22) -> -69.363798 | GP22: =IF(GB22="","",IF(AM22=0,0,AM22-GO22)) -> -34.681899 | GQ22: =IF(GO22=0,"",IF(GO22=FZ22,0,IF(GO22<FZ22,1,2))) -> #REF! | GR22: =IF(OR(AK22="",AK22=0),0,AL22-$W22) -> -104.0457 | GS22: =IF(AK22=0,"",GR22/$W22) -> -0.00032844361 | GT22: =GB22 -> MAI | GU22: =IF($GT22="jan",$GR22/12,0) -> 0 | GV22: =IF(GU22<>0,GU22,IF($GT22="fev",$GR22/12,0)) -> 0 | GW22: =IF(GV22<>0,GV22,IF($GT22="mar",$GR22/12,0)) -> 0 | GX22: =IF(GW22<>0,GW22,IF($GT22="abr",$GR22/12,0)) -> 0 | GY22: =IF(GX22<>0,GX22,IF($GT22="mai",$GR22/12,0)) -> -8.6704747 | GZ22: =IF(GY22<>0,GY22,IF($GT22="jun",$GR22/12,0)) -> -8.6704747 | HA22: =IF(GZ22<>0,GZ22,IF($GT22="jul",$GR22/12,0)) -> -8.6704747 | HB22: =IF(HA22<>0,HA22,IF($GT22="ago",$GR22/12,0)) -> -8.6704747 | HC22: =IF(HB22<>0,HB22,IF($GT22="set",$GR22/12,0)) -> -8.6704747 | HD22: =IF(HC22<>0,HC22,IF($GT22="out",$GR22/12,0)) -> -8.6704747 | HE22: =IF(HD22<>0,HD22,IF($GT22="nov",$GR22/12,0)) -> -8.6704747 | HF22: =IF(HE22<>0,HE22,IF($GT22="dez",$GR22/12,0)) -> -8.6704747 | HG22: =SUM(GU22:HF22) -> -69.363798 | HH22: =IF(GT22=0,"",IF(GR22=0,0,GR22-HG22)) -> -34.681899 | HI22: =IF(HG22=0,"",IF(HG22=FZ22,0,IF(HG22<FZ22,1,2))) -> #REF! | HK22: 0 | HL22: 0 | HM22: =IF($GB22<>"",$GB22,IFERROR(T(INDEX('MATRIZ 2X2'!$J$20:$J$367,MATCH(UPPER(TRIM(SUBSTITUTE(IF(ISNUMBER(VALUE(LEFT(TRIM(J22),6))),MID(TRIM(J22),FIND(" ",TRIM(J22))+1,300),TRIM(J22)),".",""))),'MATRIZ 2X2'!$P$20:$P$367,0))),"")) -> MAI | HN22: =IFERROR(INDEX('MATRIZ 2X2'!$G$20:$G$367,MATCH(UPPER(TRIM(SUBSTITUTE(IF(ISNUMBER(VALUE(LEFT(TRIM(J22),6))),MID(TRIM(J22),FIND(" ",TRIM(J22))+1,300),TRIM(J22)),".",""))),'MATRIZ 2X2'!$P$20:$P$367,0)),"")
A23: =TRIM(E23) -> 212235 | B23: LABORATORIO | C23: PRÉ ANALITICO | D23: TUBO | E23: 212235 | F23: VAC GEL SST 5ML 360060 TB 13X100MM | G23: CE | H23: 2045 | I23: HAM-CD FORTALEZA | J23: BECTON DICKINSON IND CIRURG LTDA | K23: 527900 | L23: =M23*K23 -> 311461 | M23: 0.59 | N23: 0.64 | O23: =N23*K23 -> 337856 | P23: BECTON DICKINSON INDUSTRIAS CIRURGI | Q23: 0.62803448 | R23: =IF($Q23="",0,$Q23*$K23) -> 331539.4 | S23: =R23/12 -> 27628.284 | T23: =IF($Q23=0,0,$R23-$L23) -> 20078.402 | U23: =IFERROR(IF(OR(Q23="",Q23=0),"",T23/L23),"") -> 0.064465222 | V23: 0.63755821 | W23: =IF($V23="",0,$V23*$K23) -> 336566.98 | X23: =W23/12 -> 28047.248 | Y23: =IF($V23=0,0,$W23-$L23) -> 25105.978 | Z23: =IFERROR(IF(OR(V23="",V23=0),"",Y23/L23),"") -> 0.080607133 | AA23: 0.12 | AB23: =Q23-Q23*AA23 -> 0.55267034 | AC23: =AB23*K23 -> 291754.67 | AD23: =AC23-R23 -> -39784.728 | AE23: =IF(R23=0,"",AD23/R23) -> -0.12 | AF23: =AC23-W23 -> -44812.304 | AG23: =AF23/W23 -> -0.13314528 | AH23: FINALIZADO | AJ23: =IFERROR(INDEX($AO$1:$FM$1,MATCH($AK23,$AO23:$FM23,0)),"") -> BD COLETA | AK23: =MIN(AO23:FM23) -> 0.64 | AL23: =AK23*K23 -> 337856 | AM23: =IF(OR(AK23="",AK23=0),0,AL23-$W23) -> 1289.0217 | AN23: =IF(AK23=0,"",AM23/$W23) -> 0.0038299115 | AR23: 0.64 | FN23: =$AD23*#REF! -> #REF! | FO23: =$AD23*#REF! -> #REF! | FP23: =$AD23*#REF! -> #REF! | FQ23: =$AD23*#REF! -> #REF! | FR23: =$AD23*#REF! -> #REF! | FS23: =$AD23*#REF! -> #REF! | FT23: =$AD23*#REF! -> #REF! | FU23: =$AD23*#REF! -> #REF! | ... FY23: =$AD23*#REF! -> #REF! | FZ23: =SUM(FN23:FY23) -> #REF! | GA23: =AD23-FZ23 -> #REF! | GB23: JUN | GC23: =IF($GB23="jan",$AM23/12,0) -> 0 | GD23: =IF(GC23<>0,GC23,IF($GB23="fev",$AM23/12,0)) -> 0 | GE23: =IF(GD23<>0,GD23,IF($GB23="mar",$AM23/12,0)) -> 0 | GF23: =IF(GE23<>0,GE23,IF($GB23="abr",$AM23/12,0)) -> 0 | GG23: =IF(GF23<>0,GF23,IF($GB23="mai",$AM23/12,0)) -> 0 | GH23: =IF(GG23<>0,GG23,IF($GB23="jun",$AM23/12,0)) -> 107.41848 | GI23: =IF(GH23<>0,GH23,IF($GB23="jul",$AM23/12,0)) -> 107.41848 | GJ23: =IF(GI23<>0,GI23,IF($GB23="ago",$AM23/12,0)) -> 107.41848 | GK23: =IF(GJ23<>0,GJ23,IF($GB23="set",$AM23/12,0)) -> 107.41848 | GL23: =IF(GK23<>0,GK23,IF($GB23="out",$AM23/12,0)) -> 107.41848 | GM23: =IF(GL23<>0,GL23,IF($GB23="nov",$AM23/12,0)) -> 107.41848 | GN23: =IF(GM23<>0,GM23,IF($GB23="dez",$AM23/12,0)) -> 107.41848 | GO23: =SUM(GC23:GN23) -> 751.92934 | GP23: =IF(GB23="","",IF(AM23=0,0,AM23-GO23)) -> 537.09239 | GQ23: =IF(GO23=0,"",IF(GO23=FZ23,0,IF(GO23<FZ23,1,2))) -> #REF! | GR23: =IF(OR(AK23="",AK23=0),0,AL23-$W23) -> 1289.0217 | GS23: =IF(AK23=0,"",GR23/$W23) -> 0.0038299115 | GT23: =GB23 -> JUN | GU23: =IF($GT23="jan",$GR23/12,0) -> 0 | GV23: =IF(GU23<>0,GU23,IF($GT23="fev",$GR23/12,0)) -> 0 | GW23: =IF(GV23<>0,GV23,IF($GT23="mar",$GR23/12,0)) -> 0 | GX23: =IF(GW23<>0,GW23,IF($GT23="abr",$GR23/12,0)) -> 0 | GY23: =IF(GX23<>0,GX23,IF($GT23="mai",$GR23/12,0)) -> 0 | GZ23: =IF(GY23<>0,GY23,IF($GT23="jun",$GR23/12,0)) -> 107.41848 | HA23: =IF(GZ23<>0,GZ23,IF($GT23="jul",$GR23/12,0)) -> 107.41848 | HB23: =IF(HA23<>0,HA23,IF($GT23="ago",$GR23/12,0)) -> 107.41848 | HC23: =IF(HB23<>0,HB23,IF($GT23="set",$GR23/12,0)) -> 107.41848 | HD23: =IF(HC23<>0,HC23,IF($GT23="out",$GR23/12,0)) -> 107.41848 | HE23: =IF(HD23<>0,HD23,IF($GT23="nov",$GR23/12,0)) -> 107.41848 | HF23: =IF(HE23<>0,HE23,IF($GT23="dez",$GR23/12,0)) -> 107.41848 | HG23: =SUM(GU23:HF23) -> 751.92934 | HH23: =IF(GT23=0,"",IF(GR23=0,0,GR23-HG23)) -> 537.09239 | HI23: =IF(HG23=0,"",IF(HG23=FZ23,0,IF(HG23<FZ23,1,2))) -> #REF! | HK23: 0 | HL23: 0 | HM23: =IF($GB23<>"",$GB23,IFERROR(T(INDEX('MATRIZ 2X2'!$J$20:$J$367,MATCH(UPPER(TRIM(SUBSTITUTE(IF(ISNUMBER(VALUE(LEFT(TRIM(J23),6))),MID(TRIM(J23),FIND(" ",TRIM(J23))+1,300),TRIM(J23)),".",""))),'MATRIZ 2X2'!$P$20:$P$367,0))),"")) -> JUN | HN23: =IFERROR(INDEX('MATRIZ 2X2'!$G$20:$G$367,MATCH(UPPER(TRIM(SUBSTITUTE(IF(ISNUMBER(VALUE(LEFT(TRIM(J23),6))),MID(TRIM(J23),FIND(" ",TRIM(J23))+1,300),TRIM(J23)),".",""))),'MATRIZ 2X2'!$P$20:$P$367,0)),"")
A24: =TRIM(E24) -> 212235 | B24: LABORATORIO | C24: PRÉ ANALITICO | D24: TUBO | E24: 212235 | F24: VAC GEL SST 5ML 360060 TB 13X100MM | G24: SP | H24: 2277 | I24: HAM-CD RIBEIRAO PRETO | J24: BECTON DICKINSON IND CIRURG LTDA | K24: 527000 | L24: =M24*K24 -> 310930 | M24: 0.59 | N24: 0.64 | O24: =N24*K24 -> 337280 | P24: BECTON DICKINSON INDUSTRIAS CIRURGI | Q24: 0.62803448 | R24: =IF($Q24="",0,$Q24*$K24) -> 330974.17 | S24: =R24/12 -> 27581.181 | T24: =IF($Q24=0,0,$R24-$L24) -> 20044.171 | U24: =IFERROR(IF(OR(Q24="",Q24=0),"",T24/L24),"") -> 0.064465222 | V24: 0.63755821 | W24: =IF($V24="",0,$V24*$K24) -> 335993.18 | X24: =W24/12 -> 27999.431 | Y24: =IF($V24=0,0,$W24-$L24) -> 25063.176 | Z24: =IFERROR(IF(OR(V24="",V24=0),"",Y24/L24),"") -> 0.080607133 | AA24: 0.12 | AB24: =Q24-Q24*AA24 -> 0.55267034 | AC24: =AB24*K24 -> 291257.27 | AD24: =AC24-R24 -> -39716.901 | AE24: =IF(R24=0,"",AD24/R24) -> -0.12 | AF24: =AC24-W24 -> -44735.905 | AG24: =AF24/W24 -> -0.13314528 | AH24: FINALIZADO | AJ24: =IFERROR(INDEX($AO$1:$FM$1,MATCH($AK24,$AO24:$FM24,0)),"") -> BD COLETA | AK24: =MIN(AO24:FM24) -> 0.64 | AL24: =AK24*K24 -> 337280 | AM24: =IF(OR(AK24="",AK24=0),0,AL24-$W24) -> 1286.8241 | AN24: =IF(AK24=0,"",AM24/$W24) -> 0.0038299115 | AR24: 0.64 | FN24: =$AD24*#REF! -> #REF! | FO24: =$AD24*#REF! -> #REF! | FP24: =$AD24*#REF! -> #REF! | FQ24: =$AD24*#REF! -> #REF! | FR24: =$AD24*#REF! -> #REF! | FS24: =$AD24*#REF! -> #REF! | FT24: =$AD24*#REF! -> #REF! | FU24: =$AD24*#REF! -> #REF! | ... FY24: =$AD24*#REF! -> #REF! | FZ24: =SUM(FN24:FY24) -> #REF! | GA24: =AD24-FZ24 -> #REF! | GB24: JUN | GC24: =IF($GB24="jan",$AM24/12,0) -> 0 | GD24: =IF(GC24<>0,GC24,IF($GB24="fev",$AM24/12,0)) -> 0 | GE24: =IF(GD24<>0,GD24,IF($GB24="mar",$AM24/12,0)) -> 0 | GF24: =IF(GE24<>0,GE24,IF($GB24="abr",$AM24/12,0)) -> 0 | GG24: =IF(GF24<>0,GF24,IF($GB24="mai",$AM24/12,0)) -> 0 | GH24: =IF(GG24<>0,GG24,IF($GB24="jun",$AM24/12,0)) -> 107.23534 | GI24: =IF(GH24<>0,GH24,IF($GB24="jul",$AM24/12,0)) -> 107.23534 | GJ24: =IF(GI24<>0,GI24,IF($GB24="ago",$AM24/12,0)) -> 107.23534 | GK24: =IF(GJ24<>0,GJ24,IF($GB24="set",$AM24/12,0)) -> 107.23534 | GL24: =IF(GK24<>0,GK24,IF($GB24="out",$AM24/12,0)) -> 107.23534 | GM24: =IF(GL24<>0,GL24,IF($GB24="nov",$AM24/12,0)) -> 107.23534 | GN24: =IF(GM24<>0,GM24,IF($GB24="dez",$AM24/12,0)) -> 107.23534 | GO24: =SUM(GC24:GN24) -> 750.6474 | GP24: =IF(GB24="","",IF(AM24=0,0,AM24-GO24)) -> 536.17671 | GQ24: =IF(GO24=0,"",IF(GO24=FZ24,0,IF(GO24<FZ24,1,2))) -> #REF! | GR24: =IF(OR(AK24="",AK24=0),0,AL24-$W24) -> 1286.8241 | GS24: =IF(AK24=0,"",GR24/$W24) -> 0.0038299115 | GT24: =GB24 -> JUN | GU24: =IF($GT24="jan",$GR24/12,0) -> 0 | GV24: =IF(GU24<>0,GU24,IF($GT24="fev",$GR24/12,0)) -> 0 | GW24: =IF(GV24<>0,GV24,IF($GT24="mar",$GR24/12,0)) -> 0 | GX24: =IF(GW24<>0,GW24,IF($GT24="abr",$GR24/12,0)) -> 0 | GY24: =IF(GX24<>0,GX24,IF($GT24="mai",$GR24/12,0)) -> 0 | GZ24: =IF(GY24<>0,GY24,IF($GT24="jun",$GR24/12,0)) -> 107.23534 | HA24: =IF(GZ24<>0,GZ24,IF($GT24="jul",$GR24/12,0)) -> 107.23534 | HB24: =IF(HA24<>0,HA24,IF($GT24="ago",$GR24/12,0)) -> 107.23534 | HC24: =IF(HB24<>0,HB24,IF($GT24="set",$GR24/12,0)) -> 107.23534 | HD24: =IF(HC24<>0,HC24,IF($GT24="out",$GR24/12,0)) -> 107.23534 | HE24: =IF(HD24<>0,HD24,IF($GT24="nov",$GR24/12,0)) -> 107.23534 | HF24: =IF(HE24<>0,HE24,IF($GT24="dez",$GR24/12,0)) -> 107.23534 | HG24: =SUM(GU24:HF24) -> 750.6474 | HH24: =IF(GT24=0,"",IF(GR24=0,0,GR24-HG24)) -> 536.17671 | HI24: =IF(HG24=0,"",IF(HG24=FZ24,0,IF(HG24<FZ24,1,2))) -> #REF! | HK24: 0 | HL24: 0 | HM24: =IF($GB24<>"",$GB24,IFERROR(T(INDEX('MATRIZ 2X2'!$J$20:$J$367,MATCH(UPPER(TRIM(SUBSTITUTE(IF(ISNUMBER(VALUE(LEFT(TRIM(J24),6))),MID(TRIM(J24),FIND(" ",TRIM(J24))+1,300),TRIM(J24)),".",""))),'MATRIZ 2X2'!$P$20:$P$367,0))),"")) -> JUN | HN24: =IFERROR(INDEX('MATRIZ 2X2'!$G$20:$G$367,MATCH(UPPER(TRIM(SUBSTITUTE(IF(ISNUMBER(VALUE(LEFT(TRIM(J24),6))),MID(TRIM(J24),FIND(" ",TRIM(J24))+1,300),TRIM(J24)),".",""))),'MATRIZ 2X2'!$P$20:$P$367,0)),"")
A25: =TRIM(E25) -> 212236 | B25: LABORATORIO | C25: PRÉ ANALITICO | D25: TUBO | E25: 212236 | F25: VACUT K2 EDTA 4ML 360057 TB 13X75MM | G25: AM | H25: 2245 | I25: HAM-HOSP SAO LUCAS | J25: BECTON DICKINSON INDUSTRIAS CIRURGI | K25: 800000 | L25: =M25*K25 -> 295998.8 | M25: 0.3699985 | N25: 0.39 | O25: =N25*K25 -> 312000 | P25: BECTON DICKINSON INDUSTRIAS CIRURGI | Q25: 0.38626284 | R25: =IF($Q25="",0,$Q25*$K25) -> 309010.27 | S25: =R25/12 -> 25750.856 | T25: =IF($Q25=0,0,$R25-$L25) -> 13011.472 | U25: =IFERROR(IF(OR(Q25="",Q25=0),"",T25/L25),"") -> 0.043957854 | V25: 0.39726512 | W25: =IF($V25="",0,$V25*$K25) -> 317812.1 | X25: =W25/12 -> 26484.342 | Y25: =IF($V25=0,0,$W25-$L25) -> 21813.298 | Z25: =IFERROR(IF(OR(V25="",V25=0),"",Y25/L25),"") -> 0.073693874 | AA25: 0.12 | AB25: =Q25-Q25*AA25 -> 0.3399113 | AC25: =AB25*K25 -> 271929.04 | AD25: =AC25-R25 -> -37081.233 | AE25: =IF(R25=0,"",AD25/R25) -> -0.12 | AF25: =AC25-W25 -> -45883.059 | AG25: =AF25/W25 -> -0.14437166 | AH25: FINALIZADO | AJ25: =IFERROR(INDEX($AO$1:$FM$1,MATCH($AK25,$AO25:$FM25,0)),"") -> BD COLETA | AK25: =MIN(AO25:FM25) -> 0.39 | AL25: =AK25*K25 -> 312000 | AM25: =IF(OR(AK25="",AK25=0),0,AL25-$W25) -> -5812.0982 | AN25: =IF(AK25=0,"",AM25/$W25) -> -0.018287845 | AR25: 0.39 | FN25: =$AD25*#REF! -> #REF! | FO25: =$AD25*#REF! -> #REF! | FP25: =$AD25*#REF! -> #REF! | FQ25: =$AD25*#REF! -> #REF! | FR25: =$AD25*#REF! -> #REF! | FS25: =$AD25*#REF! -> #REF! | FT25: =$AD25*#REF! -> #REF! | FU25: =$AD25*#REF! -> #REF! | ... FY25: =$AD25*#REF! -> #REF! | FZ25: =SUM(FN25:FY25) -> #REF! | GA25: =AD25-FZ25 -> #REF! | GB25: JUN | GC25: =IF($GB25="jan",$AM25/12,0) -> 0 | GD25: =IF(GC25<>0,GC25,IF($GB25="fev",$AM25/12,0)) -> 0 | GE25: =IF(GD25<>0,GD25,IF($GB25="mar",$AM25/12,0)) -> 0 | GF25: =IF(GE25<>0,GE25,IF($GB25="abr",$AM25/12,0)) -> 0 | GG25: =IF(GF25<>0,GF25,IF($GB25="mai",$AM25/12,0)) -> 0 | GH25: =IF(GG25<>0,GG25,IF($GB25="jun",$AM25/12,0)) -> -484.34152 | GI25: =IF(GH25<>0,GH25,IF($GB25="jul",$AM25/12,0)) -> -484.34152 | GJ25: =IF(GI25<>0,GI25,IF($GB25="ago",$AM25/12,0)) -> -484.34152 | GK25: =IF(GJ25<>0,GJ25,IF($GB25="set",$AM25/12,0)) -> -484.34152 | GL25: =IF(GK25<>0,GK25,IF($GB25="out",$AM25/12,0)) -> -484.34152 | GM25: =IF(GL25<>0,GL25,IF($GB25="nov",$AM25/12,0)) -> -484.34152 | GN25: =IF(GM25<>0,GM25,IF($GB25="dez",$AM25/12,0)) -> -484.34152 | GO25: =SUM(GC25:GN25) -> -3390.3906 | GP25: =IF(GB25="","",IF(AM25=0,0,AM25-GO25)) -> -2421.7076 | GQ25: =IF(GO25=0,"",IF(GO25=FZ25,0,IF(GO25<FZ25,1,2))) -> #REF! | GR25: =IF(OR(AK25="",AK25=0),0,AL25-$W25) -> -5812.0982 | GS25: =IF(AK25=0,"",GR25/$W25) -> -0.018287845 | GT25: =GB25 -> JUN | GU25: =IF($GT25="jan",$GR25/12,0) -> 0 | GV25: =IF(GU25<>0,GU25,IF($GT25="fev",$GR25/12,0)) -> 0 | GW25: =IF(GV25<>0,GV25,IF($GT25="mar",$GR25/12,0)) -> 0 | GX25: =IF(GW25<>0,GW25,IF($GT25="abr",$GR25/12,0)) -> 0 | GY25: =IF(GX25<>0,GX25,IF($GT25="mai",$GR25/12,0)) -> 0 | GZ25: =IF(GY25<>0,GY25,IF($GT25="jun",$GR25/12,0)) -> -484.34152 | HA25: =IF(GZ25<>0,GZ25,IF($GT25="jul",$GR25/12,0)) -> -484.34152 | HB25: =IF(HA25<>0,HA25,IF($GT25="ago",$GR25/12,0)) -> -484.34152 | HC25: =IF(HB25<>0,HB25,IF($GT25="set",$GR25/12,0)) -> -484.34152 | HD25: =IF(HC25<>0,HC25,IF($GT25="out",$GR25/12,0)) -> -484.34152 | HE25: =IF(HD25<>0,HD25,IF($GT25="nov",$GR25/12,0)) -> -484.34152 | HF25: =IF(HE25<>0,HE25,IF($GT25="dez",$GR25/12,0)) -> -484.34152 | HG25: =SUM(GU25:HF25) -> -3390.3906 | HH25: =IF(GT25=0,"",IF(GR25=0,0,GR25-HG25)) -> -2421.7076 | HI25: =IF(HG25=0,"",IF(HG25=FZ25,0,IF(HG25<FZ25,1,2))) -> #REF! | HK25: 0 | HL25: 0 | HM25: =IF($GB25<>"",$GB25,IFERROR(T(INDEX('MATRIZ 2X2'!$J$20:$J$367,MATCH(UPPER(TRIM(SUBSTITUTE(IF(ISNUMBER(VALUE(LEFT(TRIM(J25),6))),MID(TRIM(J25),FIND(" ",TRIM(J25))+1,300),TRIM(J25)),".",""))),'MATRIZ 2X2'!$P$20:$P$367,0))),"")) -> JUN | HN25: =IFERROR(INDEX('MATRIZ 2X2'!$G$20:$G$367,MATCH(UPPER(TRIM(SUBSTITUTE(IF(ISNUMBER(VALUE(LEFT(TRIM(J25),6))),MID(TRIM(J25),FIND(" ",TRIM(J25))+1,300),TRIM(J25)),".",""))),'MATRIZ 2X2'!$P$20:$P$367,0)),"")
A26: =TRIM(E26) -> 212235 | B26: LABORATORIO | C26: PRÉ ANALITICO | D26: TUBO | E26: 212235 | F26: VAC GEL SST 5ML 360060 TB 13X100MM | G26: SP | H26: 2277 | I26: HAM-CD RIBEIRAO PRETO | J26: GLOBALMED BRASIL DISTRIBUIDORA | K26: 300400 | L26: =M26*K26 -> 267356 | M26: 0.89 | N26: 0.64 | O26: =N26*K26 -> 192256 | P26: BECTON DICKINSON INDUSTRIAS CIRURGI | Q26: 0.62803448 | R26: =IF($Q26="",0,$Q26*$K26) -> 188661.56 | S26: =R26/12 -> 15721.797 | T26: =IF($Q26=0,0,$R26-$L26) -> -78694.442 | U26: =IFERROR(IF(OR(Q26="",Q26=0),"",T26/L26),"") -> -0.29434328 | V26: 0.63755821 | W26: =IF($V26="",0,$V26*$K26) -> 191522.49 | X26: =W26/12 -> 15960.207 | Y26: =IF($V26=0,0,$W26-$L26) -> -75833.514 | Z26: =IFERROR(IF(OR(V26="",V26=0),"",Y26/L26),"") -> -0.28364246 | AA26: 0.12 | AB26: =Q26-Q26*AA26 -> 0.55267034 | AC26: =AB26*K26 -> 166022.17 | AD26: =AC26-R26 -> -22639.387 | AE26: =IF(R26=0,"",AD26/R26) -> -0.12 | AF26: =AC26-W26 -> -25500.315 | AG26: =AF26/W26 -> -0.13314528 | AH26: FINALIZADO | AJ26: =IFERROR(INDEX($AO$1:$FM$1,MATCH($AK26,$AO26:$FM26,0)),"") -> BD COLETA | AK26: =MIN(AO26:FM26) -> 0.64 | AL26: =AK26*K26 -> 192256 | AM26: =IF(OR(AK26="",AK26=0),0,AL26-$W26) -> 733.51416 | AN26: =IF(AK26=0,"",AM26/$W26) -> 0.0038299115 | AR26: 0.64 | FN26: =$AD26*#REF! -> #REF! | FO26: =$AD26*#REF! -> #REF! | FP26: =$AD26*#REF! -> #REF! | FQ26: =$AD26*#REF! -> #REF! | FR26: =$AD26*#REF! -> #REF! | FS26: =$AD26*#REF! -> #REF! | FT26: =$AD26*#REF! -> #REF! | FU26: =$AD26*#REF! -> #REF! | ... FY26: =$AD26*#REF! -> #REF! | FZ26: =SUM(FN26:FY26) -> #REF! | GA26: =AD26-FZ26 -> #REF! | GB26: JUN | GC26: =IF($GB26="jan",$AM26/12,0) -> 0 | GD26: =IF(GC26<>0,GC26,IF($GB26="fev",$AM26/12,0)) -> 0 | GE26: =IF(GD26<>0,GD26,IF($GB26="mar",$AM26/12,0)) -> 0 | GF26: =IF(GE26<>0,GE26,IF($GB26="abr",$AM26/12,0)) -> 0 | GG26: =IF(GF26<>0,GF26,IF($GB26="mai",$AM26/12,0)) -> 0 | GH26: =IF(GG26<>0,GG26,IF($GB26="jun",$AM26/12,0)) -> 61.12618 | GI26: =IF(GH26<>0,GH26,IF($GB26="jul",$AM26/12,0)) -> 61.12618 | GJ26: =IF(GI26<>0,GI26,IF($GB26="ago",$AM26/12,0)) -> 61.12618 | GK26: =IF(GJ26<>0,GJ26,IF($GB26="set",$AM26/12,0)) -> 61.12618 | GL26: =IF(GK26<>0,GK26,IF($GB26="out",$AM26/12,0)) -> 61.12618 | GM26: =IF(GL26<>0,GL26,IF($GB26="nov",$AM26/12,0)) -> 61.12618 | GN26: =IF(GM26<>0,GM26,IF($GB26="dez",$AM26/12,0)) -> 61.12618 | GO26: =SUM(GC26:GN26) -> 427.88326 | GP26: =IF(GB26="","",IF(AM26=0,0,AM26-GO26)) -> 305.6309 | GQ26: =IF(GO26=0,"",IF(GO26=FZ26,0,IF(GO26<FZ26,1,2))) -> #REF! | GR26: =IF(OR(AK26="",AK26=0),0,AL26-$W26) -> 733.51416 | GS26: =IF(AK26=0,"",GR26/$W26) -> 0.0038299115 | GT26: =GB26 -> JUN | GU26: =IF($GT26="jan",$GR26/12,0) -> 0 | GV26: =IF(GU26<>0,GU26,IF($GT26="fev",$GR26/12,0)) -> 0 | GW26: =IF(GV26<>0,GV26,IF($GT26="mar",$GR26/12,0)) -> 0 | GX26: =IF(GW26<>0,GW26,IF($GT26="abr",$GR26/12,0)) -> 0 | GY26: =IF(GX26<>0,GX26,IF($GT26="mai",$GR26/12,0)) -> 0 | GZ26: =IF(GY26<>0,GY26,IF($GT26="jun",$GR26/12,0)) -> 61.12618 | HA26: =IF(GZ26<>0,GZ26,IF($GT26="jul",$GR26/12,0)) -> 61.12618 | HB26: =IF(HA26<>0,HA26,IF($GT26="ago",$GR26/12,0)) -> 61.12618 | HC26: =IF(HB26<>0,HB26,IF($GT26="set",$GR26/12,0)) -> 61.12618 | HD26: =IF(HC26<>0,HC26,IF($GT26="out",$GR26/12,0)) -> 61.12618 | HE26: =IF(HD26<>0,HD26,IF($GT26="nov",$GR26/12,0)) -> 61.12618 | HF26: =IF(HE26<>0,HE26,IF($GT26="dez",$GR26/12,0)) -> 61.12618 | HG26: =SUM(GU26:HF26) -> 427.88326 | HH26: =IF(GT26=0,"",IF(GR26=0,0,GR26-HG26)) -> 305.6309 | HI26: =IF(HG26=0,"",IF(HG26=FZ26,0,IF(HG26<FZ26,1,2))) -> #REF! | HK26: 0 | HL26: 0 | HM26: =IF($GB26<>"",$GB26,IFERROR(T(INDEX('MATRIZ 2X2'!$J$20:$J$367,MATCH(UPPER(TRIM(SUBSTITUTE(IF(ISNUMBER(VALUE(LEFT(TRIM(J26),6))),MID(TRIM(J26),FIND(" ",TRIM(J26))+1,300),TRIM(J26)),".",""))),'MATRIZ 2X2'!$P$20:$P$367,0))),"")) -> JUN | HN26: =IFERROR(INDEX('MATRIZ 2X2'!$G$20:$G$367,MATCH(UPPER(TRIM(SUBSTITUTE(IF(ISNUMBER(VALUE(LEFT(TRIM(J26),6))),MID(TRIM(J26),FIND(" ",TRIM(J26))+1,300),TRIM(J26)),".",""))),'MATRIZ 2X2'!$P$20:$P$367,0)),"")
A27: =TRIM(E27) -> 150420 | B27: LABORATORIO | C27: PRÉ ANALITICO | D27: AGULHA | E27: 150420 | F27: AGULHA MULTI COL SANG DISPSEG 21G 368607 | G27: PE | H27: 2044 | I27: HAM-CD RECIFE | J27: BECTON DICKINSON IND CIRURG LTDA | K27: 376992 | L27: =M27*K27 -> 252585.84 | M27: 0.67000318 | N27: 0.74 | O27: =N27*K27 -> 278974.08 | P27: BECTON DICKINSON INDUSTRIAS CIRURGI | Q27: 0.77025788 | R27: =IF($Q27="",0,$Q27*$K27) -> 290381.06 | S27: =R27/12 -> 24198.422 | T27: =IF($Q27=0,0,$R27-$L27) -> 37795.22 | U27: =IFERROR(IF(OR(Q27="",Q27=0),"",T27/L27),"") -> 0.14963317 | V27: 0.79462732 | W27: =IF($V27="",0,$V27*$K27) -> 299568.14 | X27: =W27/12 -> 24964.012 | Y27: =IF($V27=0,0,$W27-$L27) -> 46982.304 | Z27: =IFERROR(IF(OR(V27="",V27=0),"",Y27/L27),"") -> 0.1860053 | AA27: 0.12 | AB27: =Q27-Q27*AA27 -> 0.67782694 | AC27: =AB27*K27 -> 255535.33 | AD27: =AC27-R27 -> -34845.727 | AE27: =IF(R27=0,"",AD27/R27) -> -0.12 | AF27: =AC27-W27 -> -44032.811 | AG27: =AF27/W27 -> -0.14698763 | AH27: FINALIZADO | AJ27: =IFERROR(INDEX($AO$1:$FM$1,MATCH($AK27,$AO27:$FM27,0)),"") -> BD COLETA | AK27: =MIN(AO27:FM27) -> 0.74 | AL27: =AK27*K27 -> 278974.08 | AM27: =IF(OR(AK27="",AK27=0),0,AL27-$W27) -> -20594.064 | AN27: =IF(AK27=0,"",AM27/$W27) -> -0.068745842 | AR27: 0.74 | BY27: 1.30832 | BZ27: LABOR IMPORT | FN27: =$AD27*#REF! -> #REF! | FO27: =$AD27*#REF! -> #REF! | FP27: =$AD27*#REF! -> #REF! | FQ27: =$AD27*#REF! -> #REF! | FR27: =$AD27*#REF! -> #REF! | FS27: =$AD27*#REF! -> #REF! | FT27: =$AD27*#REF! -> #REF! | FU27: =$AD27*#REF! -> #REF! | ... FY27: =$AD27*#REF! -> #REF! | FZ27: =SUM(FN27:FY27) -> #REF! | GA27: =AD27-FZ27 -> #REF! | GB27: JUN | GC27: =IF($GB27="jan",$AM27/12,0) -> 0 | GD27: =IF(GC27<>0,GC27,IF($GB27="fev",$AM27/12,0)) -> 0 | GE27: =IF(GD27<>0,GD27,IF($GB27="mar",$AM27/12,0)) -> 0 | GF27: =IF(GE27<>0,GE27,IF($GB27="abr",$AM27/12,0)) -> 0 | GG27: =IF(GF27<>0,GF27,IF($GB27="mai",$AM27/12,0)) -> 0 | GH27: =IF(GG27<>0,GG27,IF($GB27="jun",$AM27/12,0)) -> -1716.172 | GI27: =IF(GH27<>0,GH27,IF($GB27="jul",$AM27/12,0)) -> -1716.172 | GJ27: =IF(GI27<>0,GI27,IF($GB27="ago",$AM27/12,0)) -> -1716.172 | GK27: =IF(GJ27<>0,GJ27,IF($GB27="set",$AM27/12,0)) -> -1716.172 | GL27: =IF(GK27<>0,GK27,IF($GB27="out",$AM27/12,0)) -> -1716.172 | GM27: =IF(GL27<>0,GL27,IF($GB27="nov",$AM27/12,0)) -> -1716.172 | GN27: =IF(GM27<>0,GM27,IF($GB27="dez",$AM27/12,0)) -> -1716.172 | GO27: =SUM(GC27:GN27) -> -12013.204 | GP27: =IF(GB27="","",IF(AM27=0,0,AM27-GO27)) -> -8580.8601 | GQ27: =IF(GO27=0,"",IF(GO27=FZ27,0,IF(GO27<FZ27,1,2))) -> #REF! | GR27: =IF(OR(AK27="",AK27=0),0,AL27-$W27) -> -20594.064 | GS27: =IF(AK27=0,"",GR27/$W27) -> -0.068745842 | GT27: =GB27 -> JUN | GU27: =IF($GT27="jan",$GR27/12,0) -> 0 | GV27: =IF(GU27<>0,GU27,IF($GT27="fev",$GR27/12,0)) -> 0 | GW27: =IF(GV27<>0,GV27,IF($GT27="mar",$GR27/12,0)) -> 0 | GX27: =IF(GW27<>0,GW27,IF($GT27="abr",$GR27/12,0)) -> 0 | GY27: =IF(GX27<>0,GX27,IF($GT27="mai",$GR27/12,0)) -> 0 | GZ27: =IF(GY27<>0,GY27,IF($GT27="jun",$GR27/12,0)) -> -1716.172 | HA27: =IF(GZ27<>0,GZ27,IF($GT27="jul",$GR27/12,0)) -> -1716.172 | HB27: =IF(HA27<>0,HA27,IF($GT27="ago",$GR27/12,0)) -> -1716.172 | HC27: =IF(HB27<>0,HB27,IF($GT27="set",$GR27/12,0)) -> -1716.172 | HD27: =IF(HC27<>0,HC27,IF($GT27="out",$GR27/12,0)) -> -1716.172 | HE27: =IF(HD27<>0,HD27,IF($GT27="nov",$GR27/12,0)) -> -1716.172 | HF27: =IF(HE27<>0,HE27,IF($GT27="dez",$GR27/12,0)) -> -1716.172 | HG27: =SUM(GU27:HF27) -> -12013.204 | HH27: =IF(GT27=0,"",IF(GR27=0,0,GR27-HG27)) -> -8580.8601 | HI27: =IF(HG27=0,"",IF(HG27=FZ27,0,IF(HG27<FZ27,1,2))) -> #REF! | HK27: 0 | HL27: 0 | HM27: =IF($GB27<>"",$GB27,IFERROR(T(INDEX('MATRIZ 2X2'!$J$20:$J$367,MATCH(UPPER(TRIM(SUBSTITUTE(IF(ISNUMBER(VALUE(LEFT(TRIM(J27),6))),MID(TRIM(J27),FIND(" ",TRIM(J27))+1,300),TRIM(J27)),".",""))),'MATRIZ 2X2'!$P$20:$P$367,0))),"")) -> JUN | HN27: =IFERROR(INDEX('MATRIZ 2X2'!$G$20:$G$367,MATCH(UPPER(TRIM(SUBSTITUTE(IF(ISNUMBER(VALUE(LEFT(TRIM(J27),6))),MID(TRIM(J27),FIND(" ",TRIM(J27))+1,300),TRIM(J27)),".",""))),'MATRIZ 2X2'!$P$20:$P$367,0)),"")
A28: =TRIM(E28) -> 197223 | B28: LABORATORIO | C28: PRÉ ANALITICO | D28: ESCALPE | E28: 197223 | F28: BD VACUT UT/PB 23G 367392 SCALP 1 | G28: MA | H28: 2294 | I28: HAM-CLINICA LIA VARELLA | J28: BECTON DICKINSON INDUSTRIAS CIRURGI | K28: 66000 | L28: =M28*K28 -> 247500 | M28: 3.75 | N28: 3.57 | O28: =N28*K28 -> 235620 | P28: BECTON DICKINSON INDUSTRIAS CIRURGI | Q28: 4.0070958 | R28: =IF($Q28="",0,$Q28*$K28) -> 264468.32 | S28: =R28/12 -> 22039.027 | T28: =IF($Q28=0,0,$R28-$L28) -> 16968.32 | U28: =IFERROR(IF(OR(Q28="",Q28=0),"",T28/L28),"") -> 0.068558867 | V28: 4.0914771 | W28: =IF($V28="",0,$V28*$K28) -> 270037.49 | X28: =W28/12 -> 22503.124 | Y28: =IF($V28=0,0,$W28-$L28) -> 22537.489 | Z28: =IFERROR(IF(OR(V28="",V28=0),"",Y28/L28),"") -> 0.091060562 | AA28: 0.12 | AB28: =Q28-Q28*AA28 -> 3.5262443 | AC28: =AB28*K28 -> 232732.12 | AD28: =AC28-R28 -> -31736.198 | AE28: =IF(R28=0,"",AD28/R28) -> -0.12 | AF28: =AC28-W28 -> -37305.368 | AG28: =AF28/W28 -> -0.13814885 | AH28: FINALIZADO | AJ28: =IFERROR(INDEX($AO$1:$FM$1,MATCH($AK28,$AO28:$FM28,0)),"") -> BD COLETA | AK28: =MIN(AO28:FM28) -> 3.39 | AL28: =AK28*K28 -> 223740 | AM28: =IF(OR(AK28="",AK28=0),0,AL28-$W28) -> -46297.489 | AN28: =IF(AK28=0,"",AM28/$W28) -> -0.17144838 | AR28: 3.39 | BH28: 3.68 | BY28: 10.54 | BZ28: BD | FN28: =$AD28*#REF! -> #REF! | FO28: =$AD28*#REF! -> #REF! | FP28: =$AD28*#REF! -> #REF! | FQ28: =$AD28*#REF! -> #REF! | FR28: =$AD28*#REF! -> #REF! | FS28: =$AD28*#REF! -> #REF! | FT28: =$AD28*#REF! -> #REF! | FU28: =$AD28*#REF! -> #REF! | ... FY28: =$AD28*#REF! -> #REF! | FZ28: =SUM(FN28:FY28) -> #REF! | GA28: =AD28-FZ28 -> #REF! | GB28: JUN | GC28: =IF($GB28="jan",$AM28/12,0) -> 0 | GD28: =IF(GC28<>0,GC28,IF($GB28="fev",$AM28/12,0)) -> 0 | GE28: =IF(GD28<>0,GD28,IF($GB28="mar",$AM28/12,0)) -> 0 | GF28: =IF(GE28<>0,GE28,IF($GB28="abr",$AM28/12,0)) -> 0 | GG28: =IF(GF28<>0,GF28,IF($GB28="mai",$AM28/12,0)) -> 0 | GH28: =IF(GG28<>0,GG28,IF($GB28="jun",$AM28/12,0)) -> -3858.1241 | GI28: =IF(GH28<>0,GH28,IF($GB28="jul",$AM28/12,0)) -> -3858.1241 | GJ28: =IF(GI28<>0,GI28,IF($GB28="ago",$AM28/12,0)) -> -3858.1241 | GK28: =IF(GJ28<>0,GJ28,IF($GB28="set",$AM28/12,0)) -> -3858.1241 | GL28: =IF(GK28<>0,GK28,IF($GB28="out",$AM28/12,0)) -> -3858.1241 | GM28: =IF(GL28<>0,GL28,IF($GB28="nov",$AM28/12,0)) -> -3858.1241 | GN28: =IF(GM28<>0,GM28,IF($GB28="dez",$AM28/12,0)) -> -3858.1241 | GO28: =SUM(GC28:GN28) -> -27006.869 | GP28: =IF(GB28="","",IF(AM28=0,0,AM28-GO28)) -> -19290.62 | GQ28: =IF(GO28=0,"",IF(GO28=FZ28,0,IF(GO28<FZ28,1,2))) -> #REF! | GR28: =IF(OR(AK28="",AK28=0),0,AL28-$W28) -> -46297.489 | GS28: =IF(AK28=0,"",GR28/$W28) -> -0.17144838 | GT28: =GB28 -> JUN | GU28: =IF($GT28="jan",$GR28/12,0) -> 0 | GV28: =IF(GU28<>0,GU28,IF($GT28="fev",$GR28/12,0)) -> 0 | GW28: =IF(GV28<>0,GV28,IF($GT28="mar",$GR28/12,0)) -> 0 | GX28: =IF(GW28<>0,GW28,IF($GT28="abr",$GR28/12,0)) -> 0 | GY28: =IF(GX28<>0,GX28,IF($GT28="mai",$GR28/12,0)) -> 0 | GZ28: =IF(GY28<>0,GY28,IF($GT28="jun",$GR28/12,0)) -> -3858.1241 | HA28: =IF(GZ28<>0,GZ28,IF($GT28="jul",$GR28/12,0)) -> -3858.1241 | HB28: =IF(HA28<>0,HA28,IF($GT28="ago",$GR28/12,0)) -> -3858.1241 | HC28: =IF(HB28<>0,HB28,IF($GT28="set",$GR28/12,0)) -> -3858.1241 | HD28: =IF(HC28<>0,HC28,IF($GT28="out",$GR28/12,0)) -> -3858.1241 | HE28: =IF(HD28<>0,HD28,IF($GT28="nov",$GR28/12,0)) -> -3858.1241 | HF28: =IF(HE28<>0,HE28,IF($GT28="dez",$GR28/12,0)) -> -3858.1241 | HG28: =SUM(GU28:HF28) -> -27006.869 | HH28: =IF(GT28=0,"",IF(GR28=0,0,GR28-HG28)) -> -19290.62 | HI28: =IF(HG28=0,"",IF(HG28=FZ28,0,IF(HG28<FZ28,1,2))) -> #REF! | HK28: 0 | HL28: 0 | HM28: =IF($GB28<>"",$GB28,IFERROR(T(INDEX('MATRIZ 2X2'!$J$20:$J$367,MATCH(UPPER(TRIM(SUBSTITUTE(IF(ISNUMBER(VALUE(LEFT(TRIM(J28),6))),MID(TRIM(J28),FIND(" ",TRIM(J28))+1,300),TRIM(J28)),".",""))),'MATRIZ 2X2'!$P$20:$P$367,0))),"")) -> JUN | HN28: =IFERROR(INDEX('MATRIZ 2X2'!$G$20:$G$367,MATCH(UPPER(TRIM(SUBSTITUTE(IF(ISNUMBER(VALUE(LEFT(TRIM(J28),6))),MID(TRIM(J28),FIND(" ",TRIM(J28))+1,300),TRIM(J28)),".",""))),'MATRIZ 2X2'!$P$20:$P$367,0)),"")
A29: =TRIM(E29) -> 150420 | B29: LABORATORIO | C29: PRÉ ANALITICO | D29: AGULHA | E29: 150420 | F29: AGULHA MULTI COL SANG DISPSEG 21G 368607 | G29: AM | H29: 2245 | I29: HAM-HOSP SAO LUCAS | J29: BECTON DICKINSON INDUSTRIAS CIRURGI | K29: 357376 | L29: =M29*K29 -> 241013.68 | M29: 0.67439806 | N29: 0.74 | O29: =N29*K29 -> 264458.24 | P29: BECTON DICKINSON INDUSTRIAS CIRURGI | Q29: 0.77025788 | R29: =IF($Q29="",0,$Q29*$K29) -> 275271.68 | S29: =R29/12 -> 22939.307 | T29: =IF($Q29=0,0,$R29-$L29) -> 34258.002 | U29: =IFERROR(IF(OR(Q29="",Q29=0),"",T29/L29),"") -> 0.14214132 | V29: 0.79462732 | W29: =IF($V29="",0,$V29*$K29) -> 283980.73 | X29: =W29/12 -> 23665.061 | Y29: =IF($V29=0,0,$W29-$L29) -> 42967.055 | Z29: =IFERROR(IF(OR(V29="",V29=0),"",Y29/L29),"") -> 0.17827641 | AA29: 0.12 | AB29: =Q29-Q29*AA29 -> 0.67782694 | AC29: =AB29*K29 -> 242239.08 | AD29: =AC29-R29 -> -33032.602 | AE29: =IF(R29=0,"",AD29/R29) -> -0.12 | AF29: =AC29-W29 -> -41741.655 | AG29: =AF29/W29 -> -0.14698763 | AH29: FINALIZADO | AJ29: =IFERROR(INDEX($AO$1:$FM$1,MATCH($AK29,$AO29:$FM29,0)),"") -> BD COLETA | AK29: =MIN(AO29:FM29) -> 0.74 | AL29: =AK29*K29 -> 264458.24 | AM29: =IF(OR(AK29="",AK29=0),0,AL29-$W29) -> -19522.495 | AN29: =IF(AK29=0,"",AM29/$W29) -> -0.068745842 | AR29: 0.74 | BY29: 1.30832 | BZ29: LABOR IMPORT | FN29: =$AD29*#REF! -> #REF! | FO29: =$AD29*#REF! -> #REF! | FP29: =$AD29*#REF! -> #REF! | FQ29: =$AD29*#REF! -> #REF! | FR29: =$AD29*#REF! -> #REF! | FS29: =$AD29*#REF! -> #REF! | FT29: =$AD29*#REF! -> #REF! | FU29: =$AD29*#REF! -> #REF! | ... FY29: =$AD29*#REF! -> #REF! | FZ29: =SUM(FN29:FY29) -> #REF! | GA29: =AD29-FZ29 -> #REF! | GB29: JUN | GC29: =IF($GB29="jan",$AM29/12,0) -> 0 | GD29: =IF(GC29<>0,GC29,IF($GB29="fev",$AM29/12,0)) -> 0 | GE29: =IF(GD29<>0,GD29,IF($GB29="mar",$AM29/12,0)) -> 0 | GF29: =IF(GE29<>0,GE29,IF($GB29="abr",$AM29/12,0)) -> 0 | GG29: =IF(GF29<>0,GF29,IF($GB29="mai",$AM29/12,0)) -> 0 | GH29: =IF(GG29<>0,GG29,IF($GB29="jun",$AM29/12,0)) -> -1626.8746 | GI29: =IF(GH29<>0,GH29,IF($GB29="jul",$AM29/12,0)) -> -1626.8746 | GJ29: =IF(GI29<>0,GI29,IF($GB29="ago",$AM29/12,0)) -> -1626.8746 | GK29: =IF(GJ29<>0,GJ29,IF($GB29="set",$AM29/12,0)) -> -1626.8746 | GL29: =IF(GK29<>0,GK29,IF($GB29="out",$AM29/12,0)) -> -1626.8746 | GM29: =IF(GL29<>0,GL29,IF($GB29="nov",$AM29/12,0)) -> -1626.8746 | GN29: =IF(GM29<>0,GM29,IF($GB29="dez",$AM29/12,0)) -> -1626.8746 | GO29: =SUM(GC29:GN29) -> -11388.122 | GP29: =IF(GB29="","",IF(AM29=0,0,AM29-GO29)) -> -8134.3728 | GQ29: =IF(GO29=0,"",IF(GO29=FZ29,0,IF(GO29<FZ29,1,2))) -> #REF! | GR29: =IF(OR(AK29="",AK29=0),0,AL29-$W29) -> -19522.495 | GS29: =IF(AK29=0,"",GR29/$W29) -> -0.068745842 | GT29: =GB29 -> JUN | GU29: =IF($GT29="jan",$GR29/12,0) -> 0 | GV29: =IF(GU29<>0,GU29,IF($GT29="fev",$GR29/12,0)) -> 0 | GW29: =IF(GV29<>0,GV29,IF($GT29="mar",$GR29/12,0)) -> 0 | GX29: =IF(GW29<>0,GW29,IF($GT29="abr",$GR29/12,0)) -> 0 | GY29: =IF(GX29<>0,GX29,IF($GT29="mai",$GR29/12,0)) -> 0 | GZ29: =IF(GY29<>0,GY29,IF($GT29="jun",$GR29/12,0)) -> -1626.8746 | HA29: =IF(GZ29<>0,GZ29,IF($GT29="jul",$GR29/12,0)) -> -1626.8746 | HB29: =IF(HA29<>0,HA29,IF($GT29="ago",$GR29/12,0)) -> -1626.8746 | HC29: =IF(HB29<>0,HB29,IF($GT29="set",$GR29/12,0)) -> -1626.8746 | HD29: =IF(HC29<>0,HC29,IF($GT29="out",$GR29/12,0)) -> -1626.8746 | HE29: =IF(HD29<>0,HD29,IF($GT29="nov",$GR29/12,0)) -> -1626.8746 | HF29: =IF(HE29<>0,HE29,IF($GT29="dez",$GR29/12,0)) -> -1626.8746 | HG29: =SUM(GU29:HF29) -> -11388.122 | HH29: =IF(GT29=0,"",IF(GR29=0,0,GR29-HG29)) -> -8134.3728 | HI29: =IF(HG29=0,"",IF(HG29=FZ29,0,IF(HG29<FZ29,1,2))) -> #REF! | HK29: 0 | HL29: 0 | HM29: =IF($GB29<>"",$GB29,IFERROR(T(INDEX('MATRIZ 2X2'!$J$20:$J$367,MATCH(UPPER(TRIM(SUBSTITUTE(IF(ISNUMBER(VALUE(LEFT(TRIM(J29),6))),MID(TRIM(J29),FIND(" ",TRIM(J29))+1,300),TRIM(J29)),".",""))),'MATRIZ 2X2'!$P$20:$P$367,0))),"")) -> JUN | HN29: =IFERROR(INDEX('MATRIZ 2X2'!$G$20:$G$367,MATCH(UPPER(TRIM(SUBSTITUTE(IF(ISNUMBER(VALUE(LEFT(TRIM(J29),6))),MID(TRIM(J29),FIND(" ",TRIM(J29))+1,300),TRIM(J29)),".",""))),'MATRIZ 2X2'!$P$20:$P$367,0)),"")
A30: =TRIM(E30) -> 212235 | B30: LABORATORIO | C30: PRÉ ANALITICO | D30: TUBO | E30: 212235 | F30: VAC GEL SST 5ML 360060 TB 13X100MM | G30: PE | H30: 2044 | I30: HAM-CD RECIFE | J30: GLOBALMED BRASIL DISTRIBUIDORA | K30: 252700 | L30: =M30*K30 -> 224903 | M30: 0.89 | N30: 0.64 | O30: =N30*K30 -> 161728 | P30: BECTON DICKINSON INDUSTRIAS CIRURGI | Q30: 0.62803448 | R30: =IF($Q30="",0,$Q30*$K30) -> 158704.31 | S30: =R30/12 -> 13225.359 | T30: =IF($Q30=0,0,$R30-$L30) -> -66198.687 | U30: =IFERROR(IF(OR(Q30="",Q30=0),"",T30/L30),"") -> -0.29434328 | V30: 0.63755821 | W30: =IF($V30="",0,$V30*$K30) -> 161110.96 | X30: =W30/12 -> 13425.913 | Y30: =IF($V30=0,0,$W30-$L30) -> -63792.041 | Z30: =IFERROR(IF(OR(V30="",V30=0),"",Y30/L30),"") -> -0.28364246 | AA30: 0.12 | AB30: =Q30-Q30*AA30 -> 0.55267034 | AC30: =AB30*K30 -> 139659.8 | AD30: =AC30-R30 -> -19044.518 | AE30: =IF(R30=0,"",AD30/R30) -> -0.12 | AF30: =AC30-W30 -> -21451.164 | AG30: =AF30/W30 -> -0.13314528 | AH30: FINALIZADO | AJ30: =IFERROR(INDEX($AO$1:$FM$1,MATCH($AK30,$AO30:$FM30,0)),"") -> BD COLETA | AK30: =MIN(AO30:FM30) -> 0.64 | AL30: =AK30*K30 -> 161728 | AM30: =IF(OR(AK30="",AK30=0),0,AL30-$W30) -> 617.04071 | AN30: =IF(AK30=0,"",AM30/$W30) -> 0.0038299115 | AR30: 0.64 | FN30: =$AD30*#REF! -> #REF! | FO30: =$AD30*#REF! -> #REF! | FP30: =$AD30*#REF! -> #REF! | FQ30: =$AD30*#REF! -> #REF! | FR30: =$AD30*#REF! -> #REF! | FS30: =$AD30*#REF! -> #REF! | FT30: =$AD30*#REF! -> #REF! | FU30: =$AD30*#REF! -> #REF! | ... FY30: =$AD30*#REF! -> #REF! | FZ30: =SUM(FN30:FY30) -> #REF! | GA30: =AD30-FZ30 -> #REF! | GB30: JUN | GC30: =IF($GB30="jan",$AM30/12,0) -> 0 | GD30: =IF(GC30<>0,GC30,IF($GB30="fev",$AM30/12,0)) -> 0 | GE30: =IF(GD30<>0,GD30,IF($GB30="mar",$AM30/12,0)) -> 0 | GF30: =IF(GE30<>0,GE30,IF($GB30="abr",$AM30/12,0)) -> 0 | GG30: =IF(GF30<>0,GF30,IF($GB30="mai",$AM30/12,0)) -> 0 | GH30: =IF(GG30<>0,GG30,IF($GB30="jun",$AM30/12,0)) -> 51.420059 | GI30: =IF(GH30<>0,GH30,IF($GB30="jul",$AM30/12,0)) -> 51.420059 | GJ30: =IF(GI30<>0,GI30,IF($GB30="ago",$AM30/12,0)) -> 51.420059 | GK30: =IF(GJ30<>0,GJ30,IF($GB30="set",$AM30/12,0)) -> 51.420059 | GL30: =IF(GK30<>0,GK30,IF($GB30="out",$AM30/12,0)) -> 51.420059 | GM30: =IF(GL30<>0,GL30,IF($GB30="nov",$AM30/12,0)) -> 51.420059 | GN30: =IF(GM30<>0,GM30,IF($GB30="dez",$AM30/12,0)) -> 51.420059 | GO30: =SUM(GC30:GN30) -> 359.94041 | GP30: =IF(GB30="","",IF(AM30=0,0,AM30-GO30)) -> 257.1003 | GQ30: =IF(GO30=0,"",IF(GO30=FZ30,0,IF(GO30<FZ30,1,2))) -> #REF! | GR30: =IF(OR(AK30="",AK30=0),0,AL30-$W30) -> 617.04071 | GS30: =IF(AK30=0,"",GR30/$W30) -> 0.0038299115 | GT30: =GB30 -> JUN | GU30: =IF($GT30="jan",$GR30/12,0) -> 0 | GV30: =IF(GU30<>0,GU30,IF($GT30="fev",$GR30/12,0)) -> 0 | GW30: =IF(GV30<>0,GV30,IF($GT30="mar",$GR30/12,0)) -> 0 | GX30: =IF(GW30<>0,GW30,IF($GT30="abr",$GR30/12,0)) -> 0 | GY30: =IF(GX30<>0,GX30,IF($GT30="mai",$GR30/12,0)) -> 0 | GZ30: =IF(GY30<>0,GY30,IF($GT30="jun",$GR30/12,0)) -> 51.420059 | HA30: =IF(GZ30<>0,GZ30,IF($GT30="jul",$GR30/12,0)) -> 51.420059 | HB30: =IF(HA30<>0,HA30,IF($GT30="ago",$GR30/12,0)) -> 51.420059 | HC30: =IF(HB30<>0,HB30,IF($GT30="set",$GR30/12,0)) -> 51.420059 | HD30: =IF(HC30<>0,HC30,IF($GT30="out",$GR30/12,0)) -> 51.420059 | HE30: =IF(HD30<>0,HD30,IF($GT30="nov",$GR30/12,0)) -> 51.420059 | HF30: =IF(HE30<>0,HE30,IF($GT30="dez",$GR30/12,0)) -> 51.420059 | HG30: =SUM(GU30:HF30) -> 359.94041 | HH30: =IF(GT30=0,"",IF(GR30=0,0,GR30-HG30)) -> 257.1003 | HI30: =IF(HG30=0,"",IF(HG30=FZ30,0,IF(HG30<FZ30,1,2))) -> #REF! | HK30: 0 | HL30: 0 | HM30: =IF($GB30<>"",$GB30,IFERROR(T(INDEX('MATRIZ 2X2'!$J$20:$J$367,MATCH(UPPER(TRIM(SUBSTITUTE(IF(ISNUMBER(VALUE(LEFT(TRIM(J30),6))),MID(TRIM(J30),FIND(" ",TRIM(J30))+1,300),TRIM(J30)),".",""))),'MATRIZ 2X2'!$P$20:$P$367,0))),"")) -> JUN | HN30: =IFERROR(INDEX('MATRIZ 2X2'!$G$20:$G$367,MATCH(UPPER(TRIM(SUBSTITUTE(IF(ISNUMBER(VALUE(LEFT(TRIM(J30),6))),MID(TRIM(J30),FIND(" ",TRIM(J30))+1,300),TRIM(J30)),".",""))),'MATRIZ 2X2'!$P$20:$P$367,0)),"")
A31: =TRIM(E31) -> 212234 | B31: LABORATORIO | C31: PRÉ ANALITICO | D31: TUBO | E31: 212234 | F31: VAC GEL SST 3,5ML 360059 TB 13X75MM | G31: BA | H31: 2043 | I31: HAM-CD SALVADOR | J31: BECTON DICKINSON IND CIRURG LTDA | K31: 400200 | L31: =M31*K31 -> 224109.38 | M31: 0.55999345 | N31: 0.58 | O31: =N31*K31 -> 232116 | P31: BECTON DICKINSON INDUSTRIAS CIRURGI | Q31: 0.60617132 | R31: =IF($Q31="",0,$Q31*$K31) -> 242589.76 | S31: =R31/12 -> 20215.814 | T31: =IF($Q31=0,0,$R31-$L31) -> 18480.384 | U31: =IFERROR(IF(OR(Q31="",Q31=0),"",T31/L31),"") -> 0.082461449 | V31: 0.6231692 | W31: =IF($V31="",0,$V31*$K31) -> 249392.31 | X31: =W31/12 -> 20782.693 | Y31: =IF($V31=0,0,$W31-$L31) -> 25282.934 | Z31: =IFERROR(IF(OR(V31="",V31=0),"",Y31/L31),"") -> 0.11281515 | AA31: 0.12 | AB31: =Q31-Q31*AA31 -> 0.53343077 | AC31: =AB31*K31 -> 213478.99 | AD31: =AC31-R31 -> -29110.772 | AE31: =IF(R31=0,"",AD31/R31) -> -0.12 | AF31: =AC31-W31 -> -35913.322 | AG31: =AF31/W31 -> -0.14400332 | AH31: FINALIZADO | AJ31: =IFERROR(INDEX($AO$1:$FM$1,MATCH($AK31,$AO31:$FM31,0)),"") -> BD COLETA | AK31: =MIN(AO31:FM31) -> 0.58 | AL31: =AK31*K31 -> 232116 | AM31: =IF(OR(AK31="",AK31=0),0,AL31-$W31) -> -17276.314 | AN31: =IF(AK31=0,"",AM31/$W31) -> -0.069273643 | AR31: 0.58 | FN31: =$AD31*#REF! -> #REF! | FO31: =$AD31*#REF! -> #REF! | FP31: =$AD31*#REF! -> #REF! | FQ31: =$AD31*#REF! -> #REF! | FR31: =$AD31*#REF! -> #REF! | FS31: =$AD31*#REF! -> #REF! | FT31: =$AD31*#REF! -> #REF! | FU31: =$AD31*#REF! -> #REF! | ... FY31: =$AD31*#REF! -> #REF! | FZ31: =SUM(FN31:FY31) -> #REF! | GA31: =AD31-FZ31 -> #REF! | GB31: JUN | GC31: =IF($GB31="jan",$AM31/12,0) -> 0 | GD31: =IF(GC31<>0,GC31,IF($GB31="fev",$AM31/12,0)) -> 0 | GE31: =IF(GD31<>0,GD31,IF($GB31="mar",$AM31/12,0)) -> 0 | GF31: =IF(GE31<>0,GE31,IF($GB31="abr",$AM31/12,0)) -> 0 | GG31: =IF(GF31<>0,GF31,IF($GB31="mai",$AM31/12,0)) -> 0 | GH31: =IF(GG31<>0,GG31,IF($GB31="jun",$AM31/12,0)) -> -1439.6929 | GI31: =IF(GH31<>0,GH31,IF($GB31="jul",$AM31/12,0)) -> -1439.6929 | GJ31: =IF(GI31<>0,GI31,IF($GB31="ago",$AM31/12,0)) -> -1439.6929 | GK31: =IF(GJ31<>0,GJ31,IF($GB31="set",$AM31/12,0)) -> -1439.6929 | GL31: =IF(GK31<>0,GK31,IF($GB31="out",$AM31/12,0)) -> -1439.6929 | GM31: =IF(GL31<>0,GL31,IF($GB31="nov",$AM31/12,0)) -> -1439.6929 | GN31: =IF(GM31<>0,GM31,IF($GB31="dez",$AM31/12,0)) -> -1439.6929 | GO31: =SUM(GC31:GN31) -> -10077.85 | GP31: =IF(GB31="","",IF(AM31=0,0,AM31-GO31)) -> -7198.4643 | GQ31: =IF(GO31=0,"",IF(GO31=FZ31,0,IF(GO31<FZ31,1,2))) -> #REF! | GR31: =IF(OR(AK31="",AK31=0),0,AL31-$W31) -> -17276.314 | GS31: =IF(AK31=0,"",GR31/$W31) -> -0.069273643 | GT31: =GB31 -> JUN | GU31: =IF($GT31="jan",$GR31/12,0) -> 0 | GV31: =IF(GU31<>0,GU31,IF($GT31="fev",$GR31/12,0)) -> 0 | GW31: =IF(GV31<>0,GV31,IF($GT31="mar",$GR31/12,0)) -> 0 | GX31: =IF(GW31<>0,GW31,IF($GT31="abr",$GR31/12,0)) -> 0 | GY31: =IF(GX31<>0,GX31,IF($GT31="mai",$GR31/12,0)) -> 0 | GZ31: =IF(GY31<>0,GY31,IF($GT31="jun",$GR31/12,0)) -> -1439.6929 | HA31: =IF(GZ31<>0,GZ31,IF($GT31="jul",$GR31/12,0)) -> -1439.6929 | HB31: =IF(HA31<>0,HA31,IF($GT31="ago",$GR31/12,0)) -> -1439.6929 | HC31: =IF(HB31<>0,HB31,IF($GT31="set",$GR31/12,0)) -> -1439.6929 | HD31: =IF(HC31<>0,HC31,IF($GT31="out",$GR31/12,0)) -> -1439.6929 | HE31: =IF(HD31<>0,HD31,IF($GT31="nov",$GR31/12,0)) -> -1439.6929 | HF31: =IF(HE31<>0,HE31,IF($GT31="dez",$GR31/12,0)) -> -1439.6929 | HG31: =SUM(GU31:HF31) -> -10077.85 | HH31: =IF(GT31=0,"",IF(GR31=0,0,GR31-HG31)) -> -7198.4643 | HI31: =IF(HG31=0,"",IF(HG31=FZ31,0,IF(HG31<FZ31,1,2))) -> #REF! | HK31: 1 | HL31: 1 | HM31: =IF($GB31<>"",$GB31,IFERROR(T(INDEX('MATRIZ 2X2'!$J$20:$J$367,MATCH(UPPER(TRIM(SUBSTITUTE(IF(ISNUMBER(VALUE(LEFT(TRIM(J31),6))),MID(TRIM(J31),FIND(" ",TRIM(J31))+1,300),TRIM(J31)),".",""))),'MATRIZ 2X2'!$P$20:$P$367,0))),"")) -> JUN | HN31: =IFERROR(INDEX('MATRIZ 2X2'!$G$20:$G$367,MATCH(UPPER(TRIM(SUBSTITUTE(IF(ISNUMBER(VALUE(LEFT(TRIM(J31),6))),MID(TRIM(J31),FIND(" ",TRIM(J31))+1,300),TRIM(J31)),".",""))),'MATRIZ 2X2'!$P$20:$P$367,0)),"")
A32: =TRIM(E32) -> 212234 | B32: LABORATORIO | C32: PRÉ ANALITICO | D32: TUBO | E32: 212234 | F32: VAC GEL SST 3,5ML 360059 TB 13X75MM | G32: CE | H32: 2045 | I32: HAM-CD FORTALEZA | J32: BECTON DICKINSON IND CIRURG LTDA | K32: 388800 | L32: =M32*K32 -> 217725.93 | M32: 0.55999468 | N32: 0.58 | O32: =N32*K32 -> 225504 | P32: BECTON DICKINSON INDUSTRIAS CIRURGI | Q32: 0.60617132 | R32: =IF($Q32="",0,$Q32*$K32) -> 235679.41 | S32: =R32/12 -> 19639.951 | T32: =IF($Q32=0,0,$R32-$L32) -> 17953.481 | U32: =IFERROR(IF(OR(Q32="",Q32=0),"",T32/L32),"") -> 0.082459086 | V32: 0.6231692 | W32: =IF($V32="",0,$V32*$K32) -> 242288.19 | X32: =W32/12 -> 20190.682 | Y32: =IF($V32=0,0,$W32-$L32) -> 24562.255 | Z32: =IFERROR(IF(OR(V32="",V32=0),"",Y32/L32),"") -> 0.11281272 | AA32: 0.12 | AB32: =Q32-Q32*AA32 -> 0.53343077 | AC32: =AB32*K32 -> 207397.88 | AD32: =AC32-R32 -> -28281.529 | AE32: =IF(R32=0,"",AD32/R32) -> -0.12 | AF32: =AC32-W32 -> -34890.304 | AG32: =AF32/W32 -> -0.14400332 | AH32: FINALIZADO | AJ32: =IFERROR(INDEX($AO$1:$FM$1,MATCH($AK32,$AO32:$FM32,0)),"") -> BD COLETA | AK32: =MIN(AO32:FM32) -> 0.58 | AL32: =AK32*K32 -> 225504 | AM32: =IF(OR(AK32="",AK32=0),0,AL32-$W32) -> -16784.185 | AN32: =IF(AK32=0,"",AM32/$W32) -> -0.069273643 | AR32: 0.58 | FN32: =$AD32*#REF! -> #REF! | FO32: =$AD32*#REF! -> #REF! | FP32: =$AD32*#REF! -> #REF! | FQ32: =$AD32*#REF! -> #REF! | FR32: =$AD32*#REF! -> #REF! | FS32: =$AD32*#REF! -> #REF! | FT32: =$AD32*#REF! -> #REF! | FU32: =$AD32*#REF! -> #REF! | ... FY32: =$AD32*#REF! -> #REF! | FZ32: =SUM(FN32:FY32) -> #REF! | GA32: =AD32-FZ32 -> #REF! | GB32: JUN | GC32: =IF($GB32="jan",$AM32/12,0) -> 0 | GD32: =IF(GC32<>0,GC32,IF($GB32="fev",$AM32/12,0)) -> 0 | GE32: =IF(GD32<>0,GD32,IF($GB32="mar",$AM32/12,0)) -> 0 | GF32: =IF(GE32<>0,GE32,IF($GB32="abr",$AM32/12,0)) -> 0 | GG32: =IF(GF32<>0,GF32,IF($GB32="mai",$AM32/12,0)) -> 0 | GH32: =IF(GG32<>0,GG32,IF($GB32="jun",$AM32/12,0)) -> -1398.6821 | GI32: =IF(GH32<>0,GH32,IF($GB32="jul",$AM32/12,0)) -> -1398.6821 | GJ32: =IF(GI32<>0,GI32,IF($GB32="ago",$AM32/12,0)) -> -1398.6821 | GK32: =IF(GJ32<>0,GJ32,IF($GB32="set",$AM32/12,0)) -> -1398.6821 | GL32: =IF(GK32<>0,GK32,IF($GB32="out",$AM32/12,0)) -> -1398.6821 | GM32: =IF(GL32<>0,GL32,IF($GB32="nov",$AM32/12,0)) -> -1398.6821 | GN32: =IF(GM32<>0,GM32,IF($GB32="dez",$AM32/12,0)) -> -1398.6821 | GO32: =SUM(GC32:GN32) -> -9790.7748 | GP32: =IF(GB32="","",IF(AM32=0,0,AM32-GO32)) -> -6993.4106 | GQ32: =IF(GO32=0,"",IF(GO32=FZ32,0,IF(GO32<FZ32,1,2))) -> #REF! | GR32: =IF(OR(AK32="",AK32=0),0,AL32-$W32) -> -16784.185 | GS32: =IF(AK32=0,"",GR32/$W32) -> -0.069273643 | GT32: =GB32 -> JUN | GU32: =IF($GT32="jan",$GR32/12,0) -> 0 | GV32: =IF(GU32<>0,GU32,IF($GT32="fev",$GR32/12,0)) -> 0 | GW32: =IF(GV32<>0,GV32,IF($GT32="mar",$GR32/12,0)) -> 0 | GX32: =IF(GW32<>0,GW32,IF($GT32="abr",$GR32/12,0)) -> 0 | GY32: =IF(GX32<>0,GX32,IF($GT32="mai",$GR32/12,0)) -> 0 | GZ32: =IF(GY32<>0,GY32,IF($GT32="jun",$GR32/12,0)) -> -1398.6821 | HA32: =IF(GZ32<>0,GZ32,IF($GT32="jul",$GR32/12,0)) -> -1398.6821 | HB32: =IF(HA32<>0,HA32,IF($GT32="ago",$GR32/12,0)) -> -1398.6821 | HC32: =IF(HB32<>0,HB32,IF($GT32="set",$GR32/12,0)) -> -1398.6821 | HD32: =IF(HC32<>0,HC32,IF($GT32="out",$GR32/12,0)) -> -1398.6821 | HE32: =IF(HD32<>0,HD32,IF($GT32="nov",$GR32/12,0)) -> -1398.6821 | HF32: =IF(HE32<>0,HE32,IF($GT32="dez",$GR32/12,0)) -> -1398.6821 | HG32: =SUM(GU32:HF32) -> -9790.7748 | HH32: =IF(GT32=0,"",IF(GR32=0,0,GR32-HG32)) -> -6993.4106 | HI32: =IF(HG32=0,"",IF(HG32=FZ32,0,IF(HG32<FZ32,1,2))) -> #REF! | HK32: 0 | HL32: 0 | HM32: =IF($GB32<>"",$GB32,IFERROR(T(INDEX('MATRIZ 2X2'!$J$20:$J$367,MATCH(UPPER(TRIM(SUBSTITUTE(IF(ISNUMBER(VALUE(LEFT(TRIM(J32),6))),MID(TRIM(J32),FIND(" ",TRIM(J32))+1,300),TRIM(J32)),".",""))),'MATRIZ 2X2'!$P$20:$P$367,0))),"")) -> JUN | HN32: =IFERROR(INDEX('MATRIZ 2X2'!$G$20:$G$367,MATCH(UPPER(TRIM(SUBSTITUTE(IF(ISNUMBER(VALUE(LEFT(TRIM(J32),6))),MID(TRIM(J32),FIND(" ",TRIM(J32))+1,300),TRIM(J32)),".",""))),'MATRIZ 2X2'!$P$20:$P$367,0)),"")
A33: =TRIM(E33) -> 150420 | B33: LABORATORIO | C33: PRÉ ANALITICO | D33: AGULHA | E33: 150420 | F33: AGULHA MULTI COL SANG DISPSEG 21G 368607 | G33: SP | H33: 2277 | I33: HAM-CD RIBEIRAO PRETO | J33: BECTON DICKINSON IND CIRURG LTDA | K33: 310368 | L33: =M33*K33 -> 207946.56 | M33: 0.67 | N33: 0.74 | O33: =N33*K33 -> 229672.32 | P33: BECTON DICKINSON INDUSTRIAS CIRURGI | Q33: 0.77025788 | R33: =IF($Q33="",0,$Q33*$K33) -> 239063.4 | S33: =R33/12 -> 19921.95 | T33: =IF($Q33=0,0,$R33-$L33) -> 31116.839 | U33: =IFERROR(IF(OR(Q33="",Q33=0),"",T33/L33),"") -> 0.14963863 | V33: 0.79462732 | W33: =IF($V33="",0,$V33*$K33) -> 246626.89 | X33: =W33/12 -> 20552.241 | Y33: =IF($V33=0,0,$W33-$L33) -> 38680.333 | Z33: =IFERROR(IF(OR(V33="",V33=0),"",Y33/L33),"") -> 0.18601093 | AA33: 0.12 | AB33: =Q33-Q33*AA33 -> 0.67782694 | AC33: =AB33*K33 -> 210375.79 | AD33: =AC33-R33 -> -28687.608 | AE33: =IF(R33=0,"",AD33/R33) -> -0.12 | AF33: =AC33-W33 -> -36251.102 | AG33: =AF33/W33 -> -0.14698763 | AH33: FINALIZADO | AJ33: =IFERROR(INDEX($AO$1:$FM$1,MATCH($AK33,$AO33:$FM33,0)),"") -> BD COLETA | AK33: =MIN(AO33:FM33) -> 0.74 | AL33: =AK33*K33 -> 229672.32 | AM33: =IF(OR(AK33="",AK33=0),0,AL33-$W33) -> -16954.573 | AN33: =IF(AK33=0,"",AM33/$W33) -> -0.068745842 | AR33: 0.74 | BY33: 1.1544 | BZ33: LABOR IMPORT | FN33: =$AD33*#REF! -> #REF! | FO33: =$AD33*#REF! -> #REF! | FP33: =$AD33*#REF! -> #REF! | FQ33: =$AD33*#REF! -> #REF! | FR33: =$AD33*#REF! -> #REF! | FS33: =$AD33*#REF! -> #REF! | FT33: =$AD33*#REF! -> #REF! | FU33: =$AD33*#REF! -> #REF! | ... FY33: =$AD33*#REF! -> #REF! | FZ33: =SUM(FN33:FY33) -> #REF! | GA33: =AD33-FZ33 -> #REF! | GB33: JUN | GC33: =IF($GB33="jan",$AM33/12,0) -> 0 | GD33: =IF(GC33<>0,GC33,IF($GB33="fev",$AM33/12,0)) -> 0 | GE33: =IF(GD33<>0,GD33,IF($GB33="mar",$AM33/12,0)) -> 0 | GF33: =IF(GE33<>0,GE33,IF($GB33="abr",$AM33/12,0)) -> 0 | GG33: =IF(GF33<>0,GF33,IF($GB33="mai",$AM33/12,0)) -> 0 | GH33: =IF(GG33<>0,GG33,IF($GB33="jun",$AM33/12,0)) -> -1412.8811 | GI33: =IF(GH33<>0,GH33,IF($GB33="jul",$AM33/12,0)) -> -1412.8811 | GJ33: =IF(GI33<>0,GI33,IF($GB33="ago",$AM33/12,0)) -> -1412.8811 | GK33: =IF(GJ33<>0,GJ33,IF($GB33="set",$AM33/12,0)) -> -1412.8811 | GL33: =IF(GK33<>0,GK33,IF($GB33="out",$AM33/12,0)) -> -1412.8811 | GM33: =IF(GL33<>0,GL33,IF($GB33="nov",$AM33/12,0)) -> -1412.8811 | GN33: =IF(GM33<>0,GM33,IF($GB33="dez",$AM33/12,0)) -> -1412.8811 | GO33: =SUM(GC33:GN33) -> -9890.1678 | GP33: =IF(GB33="","",IF(AM33=0,0,AM33-GO33)) -> -7064.4056 | GQ33: =IF(GO33=0,"",IF(GO33=FZ33,0,IF(GO33<FZ33,1,2))) -> #REF! | GR33: =IF(OR(AK33="",AK33=0),0,AL33-$W33) -> -16954.573 | GS33: =IF(AK33=0,"",GR33/$W33) -> -0.068745842 | GT33: =GB33 -> JUN | GU33: =IF($GT33="jan",$GR33/12,0) -> 0 | GV33: =IF(GU33<>0,GU33,IF($GT33="fev",$GR33/12,0)) -> 0 | GW33: =IF(GV33<>0,GV33,IF($GT33="mar",$GR33/12,0)) -> 0 | GX33: =IF(GW33<>0,GW33,IF($GT33="abr",$GR33/12,0)) -> 0 | GY33: =IF(GX33<>0,GX33,IF($GT33="mai",$GR33/12,0)) -> 0 | GZ33: =IF(GY33<>0,GY33,IF($GT33="jun",$GR33/12,0)) -> -1412.8811 | HA33: =IF(GZ33<>0,GZ33,IF($GT33="jul",$GR33/12,0)) -> -1412.8811 | HB33: =IF(HA33<>0,HA33,IF($GT33="ago",$GR33/12,0)) -> -1412.8811 | HC33: =IF(HB33<>0,HB33,IF($GT33="set",$GR33/12,0)) -> -1412.8811 | HD33: =IF(HC33<>0,HC33,IF($GT33="out",$GR33/12,0)) -> -1412.8811 | HE33: =IF(HD33<>0,HD33,IF($GT33="nov",$GR33/12,0)) -> -1412.8811 | HF33: =IF(HE33<>0,HE33,IF($GT33="dez",$GR33/12,0)) -> -1412.8811 | HG33: =SUM(GU33:HF33) -> -9890.1678 | HH33: =IF(GT33=0,"",IF(GR33=0,0,GR33-HG33)) -> -7064.4056 | HI33: =IF(HG33=0,"",IF(HG33=FZ33,0,IF(HG33<FZ33,1,2))) -> #REF! | HK33: 0 | HL33: 0 | HM33: =IF($GB33<>"",$GB33,IFERROR(T(INDEX('MATRIZ 2X2'!$J$20:$J$367,MATCH(UPPER(TRIM(SUBSTITUTE(IF(ISNUMBER(VALUE(LEFT(TRIM(J33),6))),MID(TRIM(J33),FIND(" ",TRIM(J33))+1,300),TRIM(J33)),".",""))),'MATRIZ 2X2'!$P$20:$P$367,0))),"")) -> JUN | HN33: =IFERROR(INDEX('MATRIZ 2X2'!$G$20:$G$367,MATCH(UPPER(TRIM(SUBSTITUTE(IF(ISNUMBER(VALUE(LEFT(TRIM(J33),6))),MID(TRIM(J33),FIND(" ",TRIM(J33))+1,300),TRIM(J33)),".",""))),'MATRIZ 2X2'!$P$20:$P$367,0)),"")
A34: =TRIM(E34) -> 152794 | B34: LABORATORIO | C34: PRÉ ANALITICO | D34: TUBO | E34: 152794 | F34: TUBO 13X75MM C/CIT SODIO 2.7ML 363083 | G34: CE | H34: 2045 | I34: HAM-CD FORTALEZA | J34: BECTON DICKINSON IND CIRURG LTDA | K34: 167700 | L34: =M34*K34 -> 204594 | M34: 1.22 | N34: 1.22 | O34: =N34*K34 -> 204594 | P34: BECTON DICKINSON INDUSTRIAS CIRURGI | Q34: 1.3888301 | R34: =IF($Q34="",0,$Q34*$K34) -> 232906.81 | S34: =R34/12 -> 19408.901 | T34: =IF($Q34=0,0,$R34-$L34) -> 28312.814 | U34: =IFERROR(IF(OR(Q34="",Q34=0),"",T34/L34),"") -> 0.13838536 | V34: 1.5089743 | W34: =IF($V34="",0,$V34*$K34) -> 253054.99 | X34: =W34/12 -> 21087.916 | Y34: =IF($V34=0,0,$W34-$L34) -> 48460.993 | Z34: =IFERROR(IF(OR(V34="",V34=0),"",Y34/L34),"") -> 0.2368642 | AA34: 0.12 | AB34: =Q34-Q34*AA34 -> 1.2221705 | AC34: =AB34*K34 -> 204958 | AD34: =AC34-R34 -> -27948.818 | AE34: =IF(R34=0,"",AD34/R34) -> -0.12 | AF34: =AC34-W34 -> -48096.997 | AG34: =AF34/W34 -> -0.19006539 | AH34: FINALIZADO | AJ34: =IFERROR(INDEX($AO$1:$FM$1,MATCH($AK34,$AO34:$FM34,0)),"") -> BD COLETA | AK34: =MIN(AO34:FM34) -> 1.22 | AL34: =AK34*K34 -> 204594 | AM34: =IF(OR(AK34="",AK34=0),0,AL34-$W34) -> -48460.993 | AN34: =IF(AK34=0,"",AM34/$W34) -> -0.1915038 | AR34: 1.22 | FN34: =$AD34*#REF! -> #REF! | FO34: =$AD34*#REF! -> #REF! | FP34: =$AD34*#REF! -> #REF! | FQ34: =$AD34*#REF! -> #REF! | FR34: =$AD34*#REF! -> #REF! | FS34: =$AD34*#REF! -> #REF! | FT34: =$AD34*#REF! -> #REF! | FU34: =$AD34*#REF! -> #REF! | ... FY34: =$AD34*#REF! -> #REF! | FZ34: =SUM(FN34:FY34) -> #REF! | GA34: =AD34-FZ34 -> #REF! | GB34: JUN | GC34: =IF($GB34="jan",$AM34/12,0) -> 0 | GD34: =IF(GC34<>0,GC34,IF($GB34="fev",$AM34/12,0)) -> 0 | GE34: =IF(GD34<>0,GD34,IF($GB34="mar",$AM34/12,0)) -> 0 | GF34: =IF(GE34<>0,GE34,IF($GB34="abr",$AM34/12,0)) -> 0 | GG34: =IF(GF34<>0,GF34,IF($GB34="mai",$AM34/12,0)) -> 0 | GH34: =IF(GG34<>0,GG34,IF($GB34="jun",$AM34/12,0)) -> -4038.4161 | GI34: =IF(GH34<>0,GH34,IF($GB34="jul",$AM34/12,0)) -> -4038.4161 | GJ34: =IF(GI34<>0,GI34,IF($GB34="ago",$AM34/12,0)) -> -4038.4161 | GK34: =IF(GJ34<>0,GJ34,IF($GB34="set",$AM34/12,0)) -> -4038.4161 | GL34: =IF(GK34<>0,GK34,IF($GB34="out",$AM34/12,0)) -> -4038.4161 | GM34: =IF(GL34<>0,GL34,IF($GB34="nov",$AM34/12,0)) -> -4038.4161 | GN34: =IF(GM34<>0,GM34,IF($GB34="dez",$AM34/12,0)) -> -4038.4161 | GO34: =SUM(GC34:GN34) -> -28268.913 | GP34: =IF(GB34="","",IF(AM34=0,0,AM34-GO34)) -> -20192.081 | GQ34: =IF(GO34=0,"",IF(GO34=FZ34,0,IF(GO34<FZ34,1,2))) -> #REF! | GR34: =IF(OR(AK34="",AK34=0),0,AL34-$W34) -> -48460.993 | GS34: =IF(AK34=0,"",GR34/$W34) -> -0.1915038 | GT34: =GB34 -> JUN | GU34: =IF($GT34="jan",$GR34/12,0) -> 0 | GV34: =IF(GU34<>0,GU34,IF($GT34="fev",$GR34/12,0)) -> 0 | GW34: =IF(GV34<>0,GV34,IF($GT34="mar",$GR34/12,0)) -> 0 | GX34: =IF(GW34<>0,GW34,IF($GT34="abr",$GR34/12,0)) -> 0 | GY34: =IF(GX34<>0,GX34,IF($GT34="mai",$GR34/12,0)) -> 0 | GZ34: =IF(GY34<>0,GY34,IF($GT34="jun",$GR34/12,0)) -> -4038.4161 | HA34: =IF(GZ34<>0,GZ34,IF($GT34="jul",$GR34/12,0)) -> -4038.4161 | HB34: =IF(HA34<>0,HA34,IF($GT34="ago",$GR34/12,0)) -> -4038.4161 | HC34: =IF(HB34<>0,HB34,IF($GT34="set",$GR34/12,0)) -> -4038.4161 | HD34: =IF(HC34<>0,HC34,IF($GT34="out",$GR34/12,0)) -> -4038.4161 | HE34: =IF(HD34<>0,HD34,IF($GT34="nov",$GR34/12,0)) -> -4038.4161 | HF34: =IF(HE34<>0,HE34,IF($GT34="dez",$GR34/12,0)) -> -4038.4161 | HG34: =SUM(GU34:HF34) -> -28268.913 | HH34: =IF(GT34=0,"",IF(GR34=0,0,GR34-HG34)) -> -20192.081 | HI34: =IF(HG34=0,"",IF(HG34=FZ34,0,IF(HG34<FZ34,1,2))) -> #REF! | HK34: 0 | HL34: 0 | HM34: =IF($GB34<>"",$GB34,IFERROR(T(INDEX('MATRIZ 2X2'!$J$20:$J$367,MATCH(UPPER(TRIM(SUBSTITUTE(IF(ISNUMBER(VALUE(LEFT(TRIM(J34),6))),MID(TRIM(J34),FIND(" ",TRIM(J34))+1,300),TRIM(J34)),".",""))),'MATRIZ 2X2'!$P$20:$P$367,0))),"")) -> JUN | HN34: =IFERROR(INDEX('MATRIZ 2X2'!$G$20:$G$367,MATCH(UPPER(TRIM(SUBSTITUTE(IF(ISNUMBER(VALUE(LEFT(TRIM(J34),6))),MID(TRIM(J34),FIND(" ",TRIM(J34))+1,300),TRIM(J34)),".",""))),'MATRIZ 2X2'!$P$20:$P$367,0)),"")
A35: =TRIM(E35) -> 212236 | B35: LABORATORIO | C35: PRÉ ANALITICO | D35: TUBO | E35: 212236 | F35: VACUT K2 EDTA 4ML 360057 TB 13X75MM | G35: CE | H35: 2045 | I35: HAM-CD FORTALEZA | J35: BECTON DICKINSON IND CIRURG LTDA | K35: 552300 | L35: =M35*K35 -> 204351 | M35: 0.37 | N35: 0.39 | O35: =N35*K35 -> 215397 | P35: BECTON DICKINSON INDUSTRIAS CIRURGI | Q35: 0.38626284 | R35: =IF($Q35="",0,$Q35*$K35) -> 213332.97 | S35: =R35/12 -> 17777.747 | T35: =IF($Q35=0,0,$R35-$L35) -> 8981.9666 | U35: =IFERROR(IF(OR(Q35="",Q35=0),"",T35/L35),"") -> 0.043953622 | V35: 0.39726512 | W35: =IF($V35="",0,$V35*$K35) -> 219409.53 | X35: =W35/12 -> 18284.127 | Y35: =IF($V35=0,0,$W35-$L35) -> 15058.527 | Z35: =IFERROR(IF(OR(V35="",V35=0),"",Y35/L35),"") -> 0.073689521 | AA35: 0.12 | AB35: =Q35-Q35*AA35 -> 0.3399113 | AC35: =AB35*K35 -> 187733.01 | AD35: =AC35-R35 -> -25599.956 | AE35: =IF(R35=0,"",AD35/R35) -> -0.12 | AF35: =AC35-W35 -> -31676.517 | AG35: =AF35/W35 -> -0.14437166 | AH35: FINALIZADO | AJ35: =IFERROR(INDEX($AO$1:$FM$1,MATCH($AK35,$AO35:$FM35,0)),"") -> BD COLETA | AK35: =MIN(AO35:FM35) -> 0.39 | AL35: =AK35*K35 -> 215397 | AM35: =IF(OR(AK35="",AK35=0),0,AL35-$W35) -> -4012.5273 | AN35: =IF(AK35=0,"",AM35/$W35) -> -0.018287845 | AR35: 0.39 | FN35: =$AD35*#REF! -> #REF! | FO35: =$AD35*#REF! -> #REF! | FP35: =$AD35*#REF! -> #REF! | FQ35: =$AD35*#REF! -> #REF! | FR35: =$AD35*#REF! -> #REF! | FS35: =$AD35*#REF! -> #REF! | FT35: =$AD35*#REF! -> #REF! | FU35: =$AD35*#REF! -> #REF! | ... FY35: =$AD35*#REF! -> #REF! | FZ35: =SUM(FN35:FY35) -> #REF! | GA35: =AD35-FZ35 -> #REF! | GB35: JUN | GC35: =IF($GB35="jan",$AM35/12,0) -> 0 | GD35: =IF(GC35<>0,GC35,IF($GB35="fev",$AM35/12,0)) -> 0 | GE35: =IF(GD35<>0,GD35,IF($GB35="mar",$AM35/12,0)) -> 0 | GF35: =IF(GE35<>0,GE35,IF($GB35="abr",$AM35/12,0)) -> 0 | GG35: =IF(GF35<>0,GF35,IF($GB35="mai",$AM35/12,0)) -> 0 | GH35: =IF(GG35<>0,GG35,IF($GB35="jun",$AM35/12,0)) -> -334.37728 | GI35: =IF(GH35<>0,GH35,IF($GB35="jul",$AM35/12,0)) -> -334.37728 | GJ35: =IF(GI35<>0,GI35,IF($GB35="ago",$AM35/12,0)) -> -334.37728 | GK35: =IF(GJ35<>0,GJ35,IF($GB35="set",$AM35/12,0)) -> -334.37728 | GL35: =IF(GK35<>0,GK35,IF($GB35="out",$AM35/12,0)) -> -334.37728 | GM35: =IF(GL35<>0,GL35,IF($GB35="nov",$AM35/12,0)) -> -334.37728 | GN35: =IF(GM35<>0,GM35,IF($GB35="dez",$AM35/12,0)) -> -334.37728 | GO35: =SUM(GC35:GN35) -> -2340.6409 | GP35: =IF(GB35="","",IF(AM35=0,0,AM35-GO35)) -> -1671.8864 | GQ35: =IF(GO35=0,"",IF(GO35=FZ35,0,IF(GO35<FZ35,1,2))) -> #REF! | GR35: =IF(OR(AK35="",AK35=0),0,AL35-$W35) -> -4012.5273 | GS35: =IF(AK35=0,"",GR35/$W35) -> -0.018287845 | GT35: =GB35 -> JUN | GU35: =IF($GT35="jan",$GR35/12,0) -> 0 | GV35: =IF(GU35<>0,GU35,IF($GT35="fev",$GR35/12,0)) -> 0 | GW35: =IF(GV35<>0,GV35,IF($GT35="mar",$GR35/12,0)) -> 0 | GX35: =IF(GW35<>0,GW35,IF($GT35="abr",$GR35/12,0)) -> 0 | GY35: =IF(GX35<>0,GX35,IF($GT35="mai",$GR35/12,0)) -> 0 | GZ35: =IF(GY35<>0,GY35,IF($GT35="jun",$GR35/12,0)) -> -334.37728 | HA35: =IF(GZ35<>0,GZ35,IF($GT35="jul",$GR35/12,0)) -> -334.37728 | HB35: =IF(HA35<>0,HA35,IF($GT35="ago",$GR35/12,0)) -> -334.37728 | HC35: =IF(HB35<>0,HB35,IF($GT35="set",$GR35/12,0)) -> -334.37728 | HD35: =IF(HC35<>0,HC35,IF($GT35="out",$GR35/12,0)) -> -334.37728 | HE35: =IF(HD35<>0,HD35,IF($GT35="nov",$GR35/12,0)) -> -334.37728 | HF35: =IF(HE35<>0,HE35,IF($GT35="dez",$GR35/12,0)) -> -334.37728 | HG35: =SUM(GU35:HF35) -> -2340.6409 | HH35: =IF(GT35=0,"",IF(GR35=0,0,GR35-HG35)) -> -1671.8864 | HI35: =IF(HG35=0,"",IF(HG35=FZ35,0,IF(HG35<FZ35,1,2))) -> #REF! | HK35: 0 | HL35: 0 | HM35: =IF($GB35<>"",$GB35,IFERROR(T(INDEX('MATRIZ 2X2'!$J$20:$J$367,MATCH(UPPER(TRIM(SUBSTITUTE(IF(ISNUMBER(VALUE(LEFT(TRIM(J35),6))),MID(TRIM(J35),FIND(" ",TRIM(J35))+1,300),TRIM(J35)),".",""))),'MATRIZ 2X2'!$P$20:$P$367,0))),"")) -> JUN | HN35: =IFERROR(INDEX('MATRIZ 2X2'!$G$20:$G$367,MATCH(UPPER(TRIM(SUBSTITUTE(IF(ISNUMBER(VALUE(LEFT(TRIM(J35),6))),MID(TRIM(J35),FIND(" ",TRIM(J35))+1,300),TRIM(J35)),".",""))),'MATRIZ 2X2'!$P$20:$P$367,0)),"")
A36: =TRIM(E36) -> 139779 | B36: LABORATORIO | C36: PRÉ ANALITICO | D36: TUBO | E36: 139779 | F36: TUBO PLAS C/GEL SST 3.5ML PLUS 367983 | G36: AM | H36: 2245 | I36: HAM-HOSP SAO LUCAS | J36: BECTON DICKINSON INDUSTRIAS CIRURGI | K36: 350000 | L36: =M36*K36 -> 196000 | M36: 0.56 | N36: 0.58 | O36: =N36*K36 -> 203000 | P36: BECTON DICKINSON INDUSTRIAS CIRURGI | Q36: 0.57696711 | R36: =IF($Q36="",0,$Q36*$K36) -> 201938.49 | S36: =R36/12 -> 16828.207 | T36: =IF($Q36=0,0,$R36-$L36) -> 5938.4888 | U36: =IFERROR(IF(OR(Q36="",Q36=0),"",T36/L36),"") -> 0.030298412 | V36: 0.55998062 | W36: =IF($V36="",0,$V36*$K36) -> 195993.22 | X36: =W36/12 -> 16332.768 | Y36: =IF($V36=0,0,$W36-$L36) -> -6.7837079 | Z36: =IFERROR(IF(OR(V36="",V36=0),"",Y36/L36),"") -> -3.4610754e-05 | AA36: 0.12 | AB36: =Q36-Q36*AA36 -> 0.50773106 | AC36: =AB36*K36 -> 177705.87 | AD36: =AC36-R36 -> -24232.619 | AE36: =IF(R36=0,"",AD36/R36) -> -0.12 | AF36: =AC36-W36 -> -18287.346 | AG36: =AF36/W36 -> -0.093306016 | AH36: FINALIZADO | AJ36: =IFERROR(INDEX($AO$1:$FM$1,MATCH($AK36,$AO36:$FM36,0)),"") -> BD COLETA | AK36: =MIN(AO36:FM36) -> 0.58 | AL36: =AK36*K36 -> 203000 | AM36: =IF(OR(AK36="",AK36=0),0,AL36-$W36) -> 7006.7837 | AN36: =IF(AK36=0,"",AM36/$W36) -> 0.035750134 | AR36: 0.58 | FN36: =$AD36*#REF! -> #REF! | FO36: =$AD36*#REF! -> #REF! | FP36: =$AD36*#REF! -> #REF! | FQ36: =$AD36*#REF! -> #REF! | FR36: =$AD36*#REF! -> #REF! | FS36: =$AD36*#REF! -> #REF! | FT36: =$AD36*#REF! -> #REF! | FU36: =$AD36*#REF! -> #REF! | ... FY36: =$AD36*#REF! -> #REF! | FZ36: =SUM(FN36:FY36) -> #REF! | GA36: =AD36-FZ36 -> #REF! | GB36: JUN | GC36: =IF($GB36="jan",$AM36/12,0) -> 0 | GD36: =IF(GC36<>0,GC36,IF($GB36="fev",$AM36/12,0)) -> 0 | GE36: =IF(GD36<>0,GD36,IF($GB36="mar",$AM36/12,0)) -> 0 | GF36: =IF(GE36<>0,GE36,IF($GB36="abr",$AM36/12,0)) -> 0 | GG36: =IF(GF36<>0,GF36,IF($GB36="mai",$AM36/12,0)) -> 0 | GH36: =IF(GG36<>0,GG36,IF($GB36="jun",$AM36/12,0)) -> 583.89864 | GI36: =IF(GH36<>0,GH36,IF($GB36="jul",$AM36/12,0)) -> 583.89864 | GJ36: =IF(GI36<>0,GI36,IF($GB36="ago",$AM36/12,0)) -> 583.89864 | GK36: =IF(GJ36<>0,GJ36,IF($GB36="set",$AM36/12,0)) -> 583.89864 | GL36: =IF(GK36<>0,GK36,IF($GB36="out",$AM36/12,0)) -> 583.89864 | GM36: =IF(GL36<>0,GL36,IF($GB36="nov",$AM36/12,0)) -> 583.89864 | GN36: =IF(GM36<>0,GM36,IF($GB36="dez",$AM36/12,0)) -> 583.89864 | GO36: =SUM(GC36:GN36) -> 4087.2905 | GP36: =IF(GB36="","",IF(AM36=0,0,AM36-GO36)) -> 2919.4932 | GQ36: =IF(GO36=0,"",IF(GO36=FZ36,0,IF(GO36<FZ36,1,2))) -> #REF! | GR36: =IF(OR(AK36="",AK36=0),0,AL36-$W36) -> 7006.7837 | GS36: =IF(AK36=0,"",GR36/$W36) -> 0.035750134 | GT36: =GB36 -> JUN | GU36: =IF($GT36="jan",$GR36/12,0) -> 0 | GV36: =IF(GU36<>0,GU36,IF($GT36="fev",$GR36/12,0)) -> 0 | GW36: =IF(GV36<>0,GV36,IF($GT36="mar",$GR36/12,0)) -> 0 | GX36: =IF(GW36<>0,GW36,IF($GT36="abr",$GR36/12,0)) -> 0 | GY36: =IF(GX36<>0,GX36,IF($GT36="mai",$GR36/12,0)) -> 0 | GZ36: =IF(GY36<>0,GY36,IF($GT36="jun",$GR36/12,0)) -> 583.89864 | HA36: =IF(GZ36<>0,GZ36,IF($GT36="jul",$GR36/12,0)) -> 583.89864 | HB36: =IF(HA36<>0,HA36,IF($GT36="ago",$GR36/12,0)) -> 583.89864 | HC36: =IF(HB36<>0,HB36,IF($GT36="set",$GR36/12,0)) -> 583.89864 | HD36: =IF(HC36<>0,HC36,IF($GT36="out",$GR36/12,0)) -> 583.89864 | HE36: =IF(HD36<>0,HD36,IF($GT36="nov",$GR36/12,0)) -> 583.89864 | HF36: =IF(HE36<>0,HE36,IF($GT36="dez",$GR36/12,0)) -> 583.89864 | HG36: =SUM(GU36:HF36) -> 4087.2905 | HH36: =IF(GT36=0,"",IF(GR36=0,0,GR36-HG36)) -> 2919.4932 | HI36: =IF(HG36=0,"",IF(HG36=FZ36,0,IF(HG36<FZ36,1,2))) -> #REF! | HK36: 1 | HL36: 1 | HM36: =IF($GB36<>"",$GB36,IFERROR(T(INDEX('MATRIZ 2X2'!$J$20:$J$367,MATCH(UPPER(TRIM(SUBSTITUTE(IF(ISNUMBER(VALUE(LEFT(TRIM(J36),6))),MID(TRIM(J36),FIND(" ",TRIM(J36))+1,300),TRIM(J36)),".",""))),'MATRIZ 2X2'!$P$20:$P$367,0))),"")) -> JUN | HN36: =IFERROR(INDEX('MATRIZ 2X2'!$G$20:$G$367,MATCH(UPPER(TRIM(SUBSTITUTE(IF(ISNUMBER(VALUE(LEFT(TRIM(J36),6))),MID(TRIM(J36),FIND(" ",TRIM(J36))+1,300),TRIM(J36)),".",""))),'MATRIZ 2X2'!$P$20:$P$367,0)),"")
A37: =TRIM(E37) -> 212236 | B37: LABORATORIO | C37: PRÉ ANALITICO | D37: TUBO | E37: 212236 | F37: VACUT K2 EDTA 4ML 360057 TB 13X75MM | G37: SP | H37: 2277 | I37: HAM-CD RIBEIRAO PRETO | J37: BECTON DICKINSON IND CIRURG LTDA | K37: 521400 | L37: =M37*K37 -> 192918 | M37: 0.37 | N37: 0.39 | O37: =N37*K37 -> 203346 | P37: BECTON DICKINSON INDUSTRIAS CIRURGI | Q37: 0.38626284 | R37: =IF($Q37="",0,$Q37*$K37) -> 201397.44 | S37: =R37/12 -> 16783.12 | T37: =IF($Q37=0,0,$R37-$L37) -> 8479.4448 | U37: =IFERROR(IF(OR(Q37="",Q37=0),"",T37/L37),"") -> 0.043953622 | V37: 0.39726512 | W37: =IF($V37="",0,$V37*$K37) -> 207134.04 | X37: =W37/12 -> 17261.17 | Y37: =IF($V37=0,0,$W37-$L37) -> 14216.035 | Z37: =IFERROR(IF(OR(V37="",V37=0),"",Y37/L37),"") -> 0.073689521 | AA37: 0.12 | AB37: =Q37-Q37*AA37 -> 0.3399113 | AC37: =AB37*K37 -> 177229.75 | AD37: =AC37-R37 -> -24167.693 | AE37: =IF(R37=0,"",AD37/R37) -> -0.12 | AF37: =AC37-W37 -> -29904.284 | AG37: =AF37/W37 -> -0.14437166 | AH37: FINALIZADO | AJ37: =IFERROR(INDEX($AO$1:$FM$1,MATCH($AK37,$AO37:$FM37,0)),"") -> BD COLETA | AK37: =MIN(AO37:FM37) -> 0.39 | AL37: =AK37*K37 -> 203346 | AM37: =IF(OR(AK37="",AK37=0),0,AL37-$W37) -> -3788.035 | AN37: =IF(AK37=0,"",AM37/$W37) -> -0.018287845 | AR37: 0.39 | FN37: =$AD37*#REF! -> #REF! | FO37: =$AD37*#REF! -> #REF! | FP37: =$AD37*#REF! -> #REF! | FQ37: =$AD37*#REF! -> #REF! | FR37: =$AD37*#REF! -> #REF! | FS37: =$AD37*#REF! -> #REF! | FT37: =$AD37*#REF! -> #REF! | FU37: =$AD37*#REF! -> #REF! | ... FY37: =$AD37*#REF! -> #REF! | FZ37: =SUM(FN37:FY37) -> #REF! | GA37: =AD37-FZ37 -> #REF! | GB37: JUN | GC37: =IF($GB37="jan",$AM37/12,0) -> 0 | GD37: =IF(GC37<>0,GC37,IF($GB37="fev",$AM37/12,0)) -> 0 | GE37: =IF(GD37<>0,GD37,IF($GB37="mar",$AM37/12,0)) -> 0 | GF37: =IF(GE37<>0,GE37,IF($GB37="abr",$AM37/12,0)) -> 0 | GG37: =IF(GF37<>0,GF37,IF($GB37="mai",$AM37/12,0)) -> 0 | GH37: =IF(GG37<>0,GG37,IF($GB37="jun",$AM37/12,0)) -> -315.66959 | GI37: =IF(GH37<>0,GH37,IF($GB37="jul",$AM37/12,0)) -> -315.66959 | GJ37: =IF(GI37<>0,GI37,IF($GB37="ago",$AM37/12,0)) -> -315.66959 | GK37: =IF(GJ37<>0,GJ37,IF($GB37="set",$AM37/12,0)) -> -315.66959 | GL37: =IF(GK37<>0,GK37,IF($GB37="out",$AM37/12,0)) -> -315.66959 | GM37: =IF(GL37<>0,GL37,IF($GB37="nov",$AM37/12,0)) -> -315.66959 | GN37: =IF(GM37<>0,GM37,IF($GB37="dez",$AM37/12,0)) -> -315.66959 | GO37: =SUM(GC37:GN37) -> -2209.6871 | GP37: =IF(GB37="","",IF(AM37=0,0,AM37-GO37)) -> -1578.3479 | GQ37: =IF(GO37=0,"",IF(GO37=FZ37,0,IF(GO37<FZ37,1,2))) -> #REF! | GR37: =IF(OR(AK37="",AK37=0),0,AL37-$W37) -> -3788.035 | GS37: =IF(AK37=0,"",GR37/$W37) -> -0.018287845 | GT37: =GB37 -> JUN | GU37: =IF($GT37="jan",$GR37/12,0) -> 0 | GV37: =IF(GU37<>0,GU37,IF($GT37="fev",$GR37/12,0)) -> 0 | GW37: =IF(GV37<>0,GV37,IF($GT37="mar",$GR37/12,0)) -> 0 | GX37: =IF(GW37<>0,GW37,IF($GT37="abr",$GR37/12,0)) -> 0 | GY37: =IF(GX37<>0,GX37,IF($GT37="mai",$GR37/12,0)) -> 0 | GZ37: =IF(GY37<>0,GY37,IF($GT37="jun",$GR37/12,0)) -> -315.66959 | HA37: =IF(GZ37<>0,GZ37,IF($GT37="jul",$GR37/12,0)) -> -315.66959 | HB37: =IF(HA37<>0,HA37,IF($GT37="ago",$GR37/12,0)) -> -315.66959 | HC37: =IF(HB37<>0,HB37,IF($GT37="set",$GR37/12,0)) -> -315.66959 | HD37: =IF(HC37<>0,HC37,IF($GT37="out",$GR37/12,0)) -> -315.66959 | HE37: =IF(HD37<>0,HD37,IF($GT37="nov",$GR37/12,0)) -> -315.66959 | HF37: =IF(HE37<>0,HE37,IF($GT37="dez",$GR37/12,0)) -> -315.66959 | HG37: =SUM(GU37:HF37) -> -2209.6871 | HH37: =IF(GT37=0,"",IF(GR37=0,0,GR37-HG37)) -> -1578.3479 | HI37: =IF(HG37=0,"",IF(HG37=FZ37,0,IF(HG37<FZ37,1,2))) -> #REF! | HK37: 0 | HL37: 0 | HM37: =IF($GB37<>"",$GB37,IFERROR(T(INDEX('MATRIZ 2X2'!$J$20:$J$367,MATCH(UPPER(TRIM(SUBSTITUTE(IF(ISNUMBER(VALUE(LEFT(TRIM(J37),6))),MID(TRIM(J37),FIND(" ",TRIM(J37))+1,300),TRIM(J37)),".",""))),'MATRIZ 2X2'!$P$20:$P$367,0))),"")) -> JUN | HN37: =IFERROR(INDEX('MATRIZ 2X2'!$G$20:$G$367,MATCH(UPPER(TRIM(SUBSTITUTE(IF(ISNUMBER(VALUE(LEFT(TRIM(J37),6))),MID(TRIM(J37),FIND(" ",TRIM(J37))+1,300),TRIM(J37)),".",""))),'MATRIZ 2X2'!$P$20:$P$367,0)),"")
A38: =TRIM(E38) -> 150420 | B38: LABORATORIO | C38: PRÉ ANALITICO | D38: AGULHA | E38: 150420 | F38: AGULHA MULTI COL SANG DISPSEG 21G 368607 | G38: PR | H38: 9209 | I38: C.C. AGUA VERDE | J38: CIRURGICA SANTA CRUZ COM DE PROD HOSP | K38: 181008 | L38: =M38*K38 -> 186945.6 | M38: 1.032803 | N38: 0.74 | O38: =N38*K38 -> 133945.92 | P38: BECTON DICKINSON INDUSTRIAS CIRURGI | Q38: 0.77025788 | R38: =IF($Q38="",0,$Q38*$K38) -> 139422.84 | S38: =R38/12 -> 11618.57 | T38: =IF($Q38=0,0,$R38-$L38) -> -47522.761 | U38: =IFERROR(IF(OR(Q38="",Q38=0),"",T38/L38),"") -> -0.25420636 | V38: 0.79462732 | W38: =IF($V38="",0,$V38*$K38) -> 143833.9 | X38: =W38/12 -> 11986.159 | Y38: =IF($V38=0,0,$W38-$L38) -> -43111.697 | Z38: =IFERROR(IF(OR(V38="",V38=0),"",Y38/L38),"") -> -0.23061092 | AA38: 0.12 | AB38: =Q38-Q38*AA38 -> 0.67782694 | AC38: =AB38*K38 -> 122692.1 | AD38: =AC38-R38 -> -16730.741 | AE38: =IF(R38=0,"",AD38/R38) -> -0.12 | AF38: =AC38-W38 -> -21141.804 | AG38: =AF38/W38 -> -0.14698763 | AH38: FINALIZADO | AJ38: =IFERROR(INDEX($AO$1:$FM$1,MATCH($AK38,$AO38:$FM38,0)),"") -> BD COLETA | AK38: =MIN(AO38:FM38) -> 0.74 | AL38: =AK38*K38 -> 133945.92 | AM38: =IF(OR(AK38="",AK38=0),0,AL38-$W38) -> -9887.9827 | AN38: =IF(AK38=0,"",AM38/$W38) -> -0.068745842 | AR38: 0.74 | BY38: 1.30832 | BZ38: LABOR IMPORT | FN38: =$AD38*#REF! -> #REF! | FO38: =$AD38*#REF! -> #REF! | FP38: =$AD38*#REF! -> #REF! | FQ38: =$AD38*#REF! -> #REF! | FR38: =$AD38*#REF! -> #REF! | FS38: =$AD38*#REF! -> #REF! | FT38: =$AD38*#REF! -> #REF! | FU38: =$AD38*#REF! -> #REF! | ... FY38: =$AD38*#REF! -> #REF! | FZ38: =SUM(FN38:FY38) -> #REF! | GA38: =AD38-FZ38 -> #REF! | GB38: JUN | GC38: =IF($GB38="jan",$AM38/12,0) -> 0 | GD38: =IF(GC38<>0,GC38,IF($GB38="fev",$AM38/12,0)) -> 0 | GE38: =IF(GD38<>0,GD38,IF($GB38="mar",$AM38/12,0)) -> 0 | GF38: =IF(GE38<>0,GE38,IF($GB38="abr",$AM38/12,0)) -> 0 | GG38: =IF(GF38<>0,GF38,IF($GB38="mai",$AM38/12,0)) -> 0 | GH38: =IF(GG38<>0,GG38,IF($GB38="jun",$AM38/12,0)) -> -823.99856 | GI38: =IF(GH38<>0,GH38,IF($GB38="jul",$AM38/12,0)) -> -823.99856 | GJ38: =IF(GI38<>0,GI38,IF($GB38="ago",$AM38/12,0)) -> -823.99856 | GK38: =IF(GJ38<>0,GJ38,IF($GB38="set",$AM38/12,0)) -> -823.99856 | GL38: =IF(GK38<>0,GK38,IF($GB38="out",$AM38/12,0)) -> -823.99856 | GM38: =IF(GL38<>0,GL38,IF($GB38="nov",$AM38/12,0)) -> -823.99856 | GN38: =IF(GM38<>0,GM38,IF($GB38="dez",$AM38/12,0)) -> -823.99856 | GO38: =SUM(GC38:GN38) -> -5767.9899 | GP38: =IF(GB38="","",IF(AM38=0,0,AM38-GO38)) -> -4119.9928 | GQ38: =IF(GO38=0,"",IF(GO38=FZ38,0,IF(GO38<FZ38,1,2))) -> #REF! | GR38: =IF(OR(AK38="",AK38=0),0,AL38-$W38) -> -9887.9827 | GS38: =IF(AK38=0,"",GR38/$W38) -> -0.068745842 | GT38: =GB38 -> JUN | GU38: =IF($GT38="jan",$GR38/12,0) -> 0 | GV38: =IF(GU38<>0,GU38,IF($GT38="fev",$GR38/12,0)) -> 0 | GW38: =IF(GV38<>0,GV38,IF($GT38="mar",$GR38/12,0)) -> 0 | GX38: =IF(GW38<>0,GW38,IF($GT38="abr",$GR38/12,0)) -> 0 | GY38: =IF(GX38<>0,GX38,IF($GT38="mai",$GR38/12,0)) -> 0 | GZ38: =IF(GY38<>0,GY38,IF($GT38="jun",$GR38/12,0)) -> -823.99856 | HA38: =IF(GZ38<>0,GZ38,IF($GT38="jul",$GR38/12,0)) -> -823.99856 | HB38: =IF(HA38<>0,HA38,IF($GT38="ago",$GR38/12,0)) -> -823.99856 | HC38: =IF(HB38<>0,HB38,IF($GT38="set",$GR38/12,0)) -> -823.99856 | HD38: =IF(HC38<>0,HC38,IF($GT38="out",$GR38/12,0)) -> -823.99856 | HE38: =IF(HD38<>0,HD38,IF($GT38="nov",$GR38/12,0)) -> -823.99856 | HF38: =IF(HE38<>0,HE38,IF($GT38="dez",$GR38/12,0)) -> -823.99856 | HG38: =SUM(GU38:HF38) -> -5767.9899 | HH38: =IF(GT38=0,"",IF(GR38=0,0,GR38-HG38)) -> -4119.9928 | HI38: =IF(HG38=0,"",IF(HG38=FZ38,0,IF(HG38<FZ38,1,2))) -> #REF! | HK38: 0 | HL38: 0 | HM38: =IF($GB38<>"",$GB38,IFERROR(T(INDEX('MATRIZ 2X2'!$J$20:$J$367,MATCH(UPPER(TRIM(SUBSTITUTE(IF(ISNUMBER(VALUE(LEFT(TRIM(J38),6))),MID(TRIM(J38),FIND(" ",TRIM(J38))+1,300),TRIM(J38)),".",""))),'MATRIZ 2X2'!$P$20:$P$367,0))),"")) -> JUN | HN38: =IFERROR(INDEX('MATRIZ 2X2'!$G$20:$G$367,MATCH(UPPER(TRIM(SUBSTITUTE(IF(ISNUMBER(VALUE(LEFT(TRIM(J38),6))),MID(TRIM(J38),FIND(" ",TRIM(J38))+1,300),TRIM(J38)),".",""))),'MATRIZ 2X2'!$P$20:$P$367,0)),"")
A39: =TRIM(E39) -> 212234 | B39: LABORATORIO | C39: PRÉ ANALITICO | D39: TUBO | E39: 212234 | F39: VAC GEL SST 3,5ML 360059 TB 13X75MM | G39: SP | H39: 2277 | I39: HAM-CD RIBEIRAO PRETO | J39: BECTON DICKINSON IND CIRURG LTDA | K39: 314500 | L39: =M39*K39 -> 176117.48 | M39: 0.55999199 | N39: 0.58 | O39: =N39*K39 -> 182410 | P39: BECTON DICKINSON INDUSTRIAS CIRURGI | Q39: 0.60617132 | R39: =IF($Q39="",0,$Q39*$K39) -> 190640.88 | S39: =R39/12 -> 15886.74 | T39: =IF($Q39=0,0,$R39-$L39) -> 14523.402 | U39: =IFERROR(IF(OR(Q39="",Q39=0),"",T39/L39),"") -> 0.082464283 | V39: 0.6231692 | W39: =IF($V39="",0,$V39*$K39) -> 195986.71 | X39: =W39/12 -> 16332.226 | Y39: =IF($V39=0,0,$W39-$L39) -> 19869.234 | Z39: =IFERROR(IF(OR(V39="",V39=0),"",Y39/L39),"") -> 0.11281807 | AA39: 0.12 | AB39: =Q39-Q39*AA39 -> 0.53343077 | AC39: =AB39*K39 -> 167763.98 | AD39: =AC39-R39 -> -22876.906 | AE39: =IF(R39=0,"",AD39/R39) -> -0.12 | AF39: =AC39-W39 -> -28222.738 | AG39: =AF39/W39 -> -0.14400332 | AH39: FINALIZADO | AJ39: =IFERROR(INDEX($AO$1:$FM$1,MATCH($AK39,$AO39:$FM39,0)),"") -> BD COLETA | AK39: =MIN(AO39:FM39) -> 0.58 | AL39: =AK39*K39 -> 182410 | AM39: =IF(OR(AK39="",AK39=0),0,AL39-$W39) -> -13576.714 | AN39: =IF(AK39=0,"",AM39/$W39) -> -0.069273643 | AR39: 0.58 | FN39: =$AD39*#REF! -> #REF! | FO39: =$AD39*#REF! -> #REF! | FP39: =$AD39*#REF! -> #REF! | FQ39: =$AD39*#REF! -> #REF! | FR39: =$AD39*#REF! -> #REF! | FS39: =$AD39*#REF! -> #REF! | FT39: =$AD39*#REF! -> #REF! | FU39: =$AD39*#REF! -> #REF! | ... FY39: =$AD39*#REF! -> #REF! | FZ39: =SUM(FN39:FY39) -> #REF! | GA39: =AD39-FZ39 -> #REF! | GB39: JUN | GC39: =IF($GB39="jan",$AM39/12,0) -> 0 | GD39: =IF(GC39<>0,GC39,IF($GB39="fev",$AM39/12,0)) -> 0 | GE39: =IF(GD39<>0,GD39,IF($GB39="mar",$AM39/12,0)) -> 0 | GF39: =IF(GE39<>0,GE39,IF($GB39="abr",$AM39/12,0)) -> 0 | GG39: =IF(GF39<>0,GF39,IF($GB39="mai",$AM39/12,0)) -> 0 | GH39: =IF(GG39<>0,GG39,IF($GB39="jun",$AM39/12,0)) -> -1131.3928 | GI39: =IF(GH39<>0,GH39,IF($GB39="jul",$AM39/12,0)) -> -1131.3928 | GJ39: =IF(GI39<>0,GI39,IF($GB39="ago",$AM39/12,0)) -> -1131.3928 | GK39: =IF(GJ39<>0,GJ39,IF($GB39="set",$AM39/12,0)) -> -1131.3928 | GL39: =IF(GK39<>0,GK39,IF($GB39="out",$AM39/12,0)) -> -1131.3928 | GM39: =IF(GL39<>0,GL39,IF($GB39="nov",$AM39/12,0)) -> -1131.3928 | GN39: =IF(GM39<>0,GM39,IF($GB39="dez",$AM39/12,0)) -> -1131.3928 | GO39: =SUM(GC39:GN39) -> -7919.7497 | GP39: =IF(GB39="","",IF(AM39=0,0,AM39-GO39)) -> -5656.964 | GQ39: =IF(GO39=0,"",IF(GO39=FZ39,0,IF(GO39<FZ39,1,2))) -> #REF! | GR39: =IF(OR(AK39="",AK39=0),0,AL39-$W39) -> -13576.714 | GS39: =IF(AK39=0,"",GR39/$W39) -> -0.069273643 | GT39: =GB39 -> JUN | GU39: =IF($GT39="jan",$GR39/12,0) -> 0 | GV39: =IF(GU39<>0,GU39,IF($GT39="fev",$GR39/12,0)) -> 0 | GW39: =IF(GV39<>0,GV39,IF($GT39="mar",$GR39/12,0)) -> 0 | GX39: =IF(GW39<>0,GW39,IF($GT39="abr",$GR39/12,0)) -> 0 | GY39: =IF(GX39<>0,GX39,IF($GT39="mai",$GR39/12,0)) -> 0 | GZ39: =IF(GY39<>0,GY39,IF($GT39="jun",$GR39/12,0)) -> -1131.3928 | HA39: =IF(GZ39<>0,GZ39,IF($GT39="jul",$GR39/12,0)) -> -1131.3928 | HB39: =IF(HA39<>0,HA39,IF($GT39="ago",$GR39/12,0)) -> -1131.3928 | HC39: =IF(HB39<>0,HB39,IF($GT39="set",$GR39/12,0)) -> -1131.3928 | HD39: =IF(HC39<>0,HC39,IF($GT39="out",$GR39/12,0)) -> -1131.3928 | HE39: =IF(HD39<>0,HD39,IF($GT39="nov",$GR39/12,0)) -> -1131.3928 | HF39: =IF(HE39<>0,HE39,IF($GT39="dez",$GR39/12,0)) -> -1131.3928 | HG39: =SUM(GU39:HF39) -> -7919.7497 | HH39: =IF(GT39=0,"",IF(GR39=0,0,GR39-HG39)) -> -5656.964 | HI39: =IF(HG39=0,"",IF(HG39=FZ39,0,IF(HG39<FZ39,1,2))) -> #REF! | HK39: 0 | HL39: 0 | HM39: =IF($GB39<>"",$GB39,IFERROR(T(INDEX('MATRIZ 2X2'!$J$20:$J$367,MATCH(UPPER(TRIM(SUBSTITUTE(IF(ISNUMBER(VALUE(LEFT(TRIM(J39),6))),MID(TRIM(J39),FIND(" ",TRIM(J39))+1,300),TRIM(J39)),".",""))),'MATRIZ 2X2'!$P$20:$P$367,0))),"")) -> JUN | HN39: =IFERROR(INDEX('MATRIZ 2X2'!$G$20:$G$367,MATCH(UPPER(TRIM(SUBSTITUTE(IF(ISNUMBER(VALUE(LEFT(TRIM(J39),6))),MID(TRIM(J39),FIND(" ",TRIM(J39))+1,300),TRIM(J39)),".",""))),'MATRIZ 2X2'!$P$20:$P$367,0)),"")
A40: =TRIM(E40) -> 152794 | B40: LABORATORIO | C40: PRÉ ANALITICO | D40: TUBO | E40: 152794 | F40: TUBO 13X75MM C/CIT SODIO 2.7ML 363083 | G40: SP | H40: 2277 | I40: HAM-CD RIBEIRAO PRETO | J40: GLOBALMED BRASIL DISTRIBUIDORA | K40: 64050 | L40: =M40*K40 -> 175961.5 | M40: 2.7472521 | N40: 1.22 | O40: =N40*K40 -> 78141 | P40: BECTON DICKINSON INDUSTRIAS CIRURGI | Q40: 1.3888301 | R40: =IF($Q40="",0,$Q40*$K40) -> 88954.57 | S40: =R40/12 -> 7412.8809 | T40: =IF($Q40=0,0,$R40-$L40) -> -87006.93 | U40: =IFERROR(IF(OR(Q40="",Q40=0),"",T40/L40),"") -> -0.49446572 | V40: 1.5089743 | W40: =IF($V40="",0,$V40*$K40) -> 96649.805 | X40: =W40/12 -> 8054.1504 | Y40: =IF($V40=0,0,$W40-$L40) -> -79311.695 | Z40: =IFERROR(IF(OR(V40="",V40=0),"",Y40/L40),"") -> -0.45073323 | AA40: 0.12 | AB40: =Q40-Q40*AA40 -> 1.2221705 | AC40: =AB40*K40 -> 78280.022 | AD40: =AC40-R40 -> -10674.548 | AE40: =IF(R40=0,"",AD40/R40) -> -0.12 | AF40: =AC40-W40 -> -18369.783 | AG40: =AF40/W40 -> -0.19006539 | AH40: FINALIZADO | AJ40: =IFERROR(INDEX($AO$1:$FM$1,MATCH($AK40,$AO40:$FM40,0)),"") -> BD COLETA | AK40: =MIN(AO40:FM40) -> 1.22 | AL40: =AK40*K40 -> 78141 | AM40: =IF(OR(AK40="",AK40=0),0,AL40-$W40) -> -18508.805 | AN40: =IF(AK40=0,"",AM40/$W40) -> -0.1915038 | AR40: 1.22 | FN40: =$AD40*#REF! -> #REF! | FO40: =$AD40*#REF! -> #REF! | FP40: =$AD40*#REF! -> #REF! | FQ40: =$AD40*#REF! -> #REF! | FR40: =$AD40*#REF! -> #REF! | FS40: =$AD40*#REF! -> #REF! | FT40: =$AD40*#REF! -> #REF! | FU40: =$AD40*#REF! -> #REF! | ... FY40: =$AD40*#REF! -> #REF! | FZ40: =SUM(FN40:FY40) -> #REF! | GA40: =AD40-FZ40 -> #REF! | GB40: JUN | GC40: =IF($GB40="jan",$AM40/12,0) -> 0 | GD40: =IF(GC40<>0,GC40,IF($GB40="fev",$AM40/12,0)) -> 0 | GE40: =IF(GD40<>0,GD40,IF($GB40="mar",$AM40/12,0)) -> 0 | GF40: =IF(GE40<>0,GE40,IF($GB40="abr",$AM40/12,0)) -> 0 | GG40: =IF(GF40<>0,GF40,IF($GB40="mai",$AM40/12,0)) -> 0 | GH40: =IF(GG40<>0,GG40,IF($GB40="jun",$AM40/12,0)) -> -1542.4004 | GI40: =IF(GH40<>0,GH40,IF($GB40="jul",$AM40/12,0)) -> -1542.4004 | GJ40: =IF(GI40<>0,GI40,IF($GB40="ago",$AM40/12,0)) -> -1542.4004 | GK40: =IF(GJ40<>0,GJ40,IF($GB40="set",$AM40/12,0)) -> -1542.4004 | GL40: =IF(GK40<>0,GK40,IF($GB40="out",$AM40/12,0)) -> -1542.4004 | GM40: =IF(GL40<>0,GL40,IF($GB40="nov",$AM40/12,0)) -> -1542.4004 | GN40: =IF(GM40<>0,GM40,IF($GB40="dez",$AM40/12,0)) -> -1542.4004 | GO40: =SUM(GC40:GN40) -> -10796.803 | GP40: =IF(GB40="","",IF(AM40=0,0,AM40-GO40)) -> -7712.0021 | GQ40: =IF(GO40=0,"",IF(GO40=FZ40,0,IF(GO40<FZ40,1,2))) -> #REF! | GR40: =IF(OR(AK40="",AK40=0),0,AL40-$W40) -> -18508.805 | GS40: =IF(AK40=0,"",GR40/$W40) -> -0.1915038 | GT40: =GB40 -> JUN | GU40: =IF($GT40="jan",$GR40/12,0) -> 0 | GV40: =IF(GU40<>0,GU40,IF($GT40="fev",$GR40/12,0)) -> 0 | GW40: =IF(GV40<>0,GV40,IF($GT40="mar",$GR40/12,0)) -> 0 | GX40: =IF(GW40<>0,GW40,IF($GT40="abr",$GR40/12,0)) -> 0 | GY40: =IF(GX40<>0,GX40,IF($GT40="mai",$GR40/12,0)) -> 0 | GZ40: =IF(GY40<>0,GY40,IF($GT40="jun",$GR40/12,0)) -> -1542.4004 | HA40: =IF(GZ40<>0,GZ40,IF($GT40="jul",$GR40/12,0)) -> -1542.4004 | HB40: =IF(HA40<>0,HA40,IF($GT40="ago",$GR40/12,0)) -> -1542.4004 | HC40: =IF(HB40<>0,HB40,IF($GT40="set",$GR40/12,0)) -> -1542.4004 | HD40: =IF(HC40<>0,HC40,IF($GT40="out",$GR40/12,0)) -> -1542.4004 | HE40: =IF(HD40<>0,HD40,IF($GT40="nov",$GR40/12,0)) -> -1542.4004 | HF40: =IF(HE40<>0,HE40,IF($GT40="dez",$GR40/12,0)) -> -1542.4004 | HG40: =SUM(GU40:HF40) -> -10796.803 | HH40: =IF(GT40=0,"",IF(GR40=0,0,GR40-HG40)) -> -7712.0021 | HI40: =IF(HG40=0,"",IF(HG40=FZ40,0,IF(HG40<FZ40,1,2))) -> #REF! | HK40: 0 | HL40: 0 | HM40: =IF($GB40<>"",$GB40,IFERROR(T(INDEX('MATRIZ 2X2'!$J$20:$J$367,MATCH(UPPER(TRIM(SUBSTITUTE(IF(ISNUMBER(VALUE(LEFT(TRIM(J40),6))),MID(TRIM(J40),FIND(" ",TRIM(J40))+1,300),TRIM(J40)),".",""))),'MATRIZ 2X2'!$P$20:$P$367,0))),"")) -> JUN | HN40: =IFERROR(INDEX('MATRIZ 2X2'!$G$20:$G$367,MATCH(UPPER(TRIM(SUBSTITUTE(IF(ISNUMBER(VALUE(LEFT(TRIM(J40),6))),MID(TRIM(J40),FIND(" ",TRIM(J40))+1,300),TRIM(J40)),".",""))),'MATRIZ 2X2'!$P$20:$P$367,0)),"")
A41: =TRIM(E41) -> 150420 | B41: LABORATORIO | C41: PRÉ ANALITICO | D41: AGULHA | E41: 150420 | F41: AGULHA MULTI COL SANG DISPSEG 21G 368607 | G41: BA | H41: 2043 | I41: HAM-CD SALVADOR | J41: BECTON DICKINSON IND CIRURG LTDA | K41: 253248 | L41: =M41*K41 -> 169676.16 | M41: 0.67 | N41: 0.74 | O41: =N41*K41 -> 187403.52 | P41: BECTON DICKINSON INDUSTRIAS CIRURGI | Q41: 0.77025788 | R41: =IF($Q41="",0,$Q41*$K41) -> 195066.27 | S41: =R41/12 -> 16255.522 | T41: =IF($Q41=0,0,$R41-$L41) -> 25390.109 | U41: =IFERROR(IF(OR(Q41="",Q41=0),"",T41/L41),"") -> 0.14963863 | V41: 0.79462732 | W41: =IF($V41="",0,$V41*$K41) -> 201237.78 | X41: =W41/12 -> 16769.815 | Y41: =IF($V41=0,0,$W41-$L41) -> 31561.621 | Z41: =IFERROR(IF(OR(V41="",V41=0),"",Y41/L41),"") -> 0.18601093 | AA41: 0.12 | AB41: =Q41-Q41*AA41 -> 0.67782694 | AC41: =AB41*K41 -> 171658.32 | AD41: =AC41-R41 -> -23407.952 | AE41: =IF(R41=0,"",AD41/R41) -> -0.12 | AF41: =AC41-W41 -> -29579.464 | AG41: =AF41/W41 -> -0.14698763 | AH41: FINALIZADO | AJ41: =IFERROR(INDEX($AO$1:$FM$1,MATCH($AK41,$AO41:$FM41,0)),"") -> BD COLETA | AK41: =MIN(AO41:FM41) -> 0.74 | AL41: =AK41*K41 -> 187403.52 | AM41: =IF(OR(AK41="",AK41=0),0,AL41-$W41) -> -13834.261 | AN41: =IF(AK41=0,"",AM41/$W41) -> -0.068745842 | AR41: 0.74 | BY41: 1.30832 | BZ41: LABOR IMPORT | FN41: =$AD41*#REF! -> #REF! | FO41: =$AD41*#REF! -> #REF! | FP41: =$AD41*#REF! -> #REF! | FQ41: =$AD41*#REF! -> #REF! | FR41: =$AD41*#REF! -> #REF! | FS41: =$AD41*#REF! -> #REF! | FT41: =$AD41*#REF! -> #REF! | FU41: =$AD41*#REF! -> #REF! | ... FY41: =$AD41*#REF! -> #REF! | FZ41: =SUM(FN41:FY41) -> #REF! | GA41: =AD41-FZ41 -> #REF! | GB41: JUN | GC41: =IF($GB41="jan",$AM41/12,0) -> 0 | GD41: =IF(GC41<>0,GC41,IF($GB41="fev",$AM41/12,0)) -> 0 | GE41: =IF(GD41<>0,GD41,IF($GB41="mar",$AM41/12,0)) -> 0 | GF41: =IF(GE41<>0,GE41,IF($GB41="abr",$AM41/12,0)) -> 0 | GG41: =IF(GF41<>0,GF41,IF($GB41="mai",$AM41/12,0)) -> 0 | GH41: =IF(GG41<>0,GG41,IF($GB41="jun",$AM41/12,0)) -> -1152.8551 | GI41: =IF(GH41<>0,GH41,IF($GB41="jul",$AM41/12,0)) -> -1152.8551 | GJ41: =IF(GI41<>0,GI41,IF($GB41="ago",$AM41/12,0)) -> -1152.8551 | GK41: =IF(GJ41<>0,GJ41,IF($GB41="set",$AM41/12,0)) -> -1152.8551 | GL41: =IF(GK41<>0,GK41,IF($GB41="out",$AM41/12,0)) -> -1152.8551 | GM41: =IF(GL41<>0,GL41,IF($GB41="nov",$AM41/12,0)) -> -1152.8551 | GN41: =IF(GM41<>0,GM41,IF($GB41="dez",$AM41/12,0)) -> -1152.8551 | GO41: =SUM(GC41:GN41) -> -8069.9854 | GP41: =IF(GB41="","",IF(AM41=0,0,AM41-GO41)) -> -5764.2753 | GQ41: =IF(GO41=0,"",IF(GO41=FZ41,0,IF(GO41<FZ41,1,2))) -> #REF! | GR41: =IF(OR(AK41="",AK41=0),0,AL41-$W41) -> -13834.261 | GS41: =IF(AK41=0,"",GR41/$W41) -> -0.068745842 | GT41: =GB41 -> JUN | GU41: =IF($GT41="jan",$GR41/12,0) -> 0 | GV41: =IF(GU41<>0,GU41,IF($GT41="fev",$GR41/12,0)) -> 0 | GW41: =IF(GV41<>0,GV41,IF($GT41="mar",$GR41/12,0)) -> 0 | GX41: =IF(GW41<>0,GW41,IF($GT41="abr",$GR41/12,0)) -> 0 | GY41: =IF(GX41<>0,GX41,IF($GT41="mai",$GR41/12,0)) -> 0 | GZ41: =IF(GY41<>0,GY41,IF($GT41="jun",$GR41/12,0)) -> -1152.8551 | HA41: =IF(GZ41<>0,GZ41,IF($GT41="jul",$GR41/12,0)) -> -1152.8551 | HB41: =IF(HA41<>0,HA41,IF($GT41="ago",$GR41/12,0)) -> -1152.8551 | HC41: =IF(HB41<>0,HB41,IF($GT41="set",$GR41/12,0)) -> -1152.8551 | HD41: =IF(HC41<>0,HC41,IF($GT41="out",$GR41/12,0)) -> -1152.8551 | HE41: =IF(HD41<>0,HD41,IF($GT41="nov",$GR41/12,0)) -> -1152.8551 | HF41: =IF(HE41<>0,HE41,IF($GT41="dez",$GR41/12,0)) -> -1152.8551 | HG41: =SUM(GU41:HF41) -> -8069.9854 | HH41: =IF(GT41=0,"",IF(GR41=0,0,GR41-HG41)) -> -5764.2753 | HI41: =IF(HG41=0,"",IF(HG41=FZ41,0,IF(HG41<FZ41,1,2))) -> #REF! | HK41: 0 | HL41: 0 | HM41: =IF($GB41<>"",$GB41,IFERROR(T(INDEX('MATRIZ 2X2'!$J$20:$J$367,MATCH(UPPER(TRIM(SUBSTITUTE(IF(ISNUMBER(VALUE(LEFT(TRIM(J41),6))),MID(TRIM(J41),FIND(" ",TRIM(J41))+1,300),TRIM(J41)),".",""))),'MATRIZ 2X2'!$P$20:$P$367,0))),"")) -> JUN | HN41: =IFERROR(INDEX('MATRIZ 2X2'!$G$20:$G$367,MATCH(UPPER(TRIM(SUBSTITUTE(IF(ISNUMBER(VALUE(LEFT(TRIM(J41),6))),MID(TRIM(J41),FIND(" ",TRIM(J41))+1,300),TRIM(J41)),".",""))),'MATRIZ 2X2'!$P$20:$P$367,0)),"")
A42: =TRIM(E42) -> 212234 | B42: LABORATORIO | C42: PRÉ ANALITICO | D42: TUBO | E42: 212234 | F42: VAC GEL SST 3,5ML 360059 TB 13X75MM | G42: AM | H42: 2245 | I42: HAM-HOSP SAO LUCAS | J42: BECTON DICKINSON INDUSTRIAS CIRURGI | K42: 293000 | L42: =M42*K42 -> 164079.35 | M42: 0.55999778 | N42: 0.58 | O42: =N42*K42 -> 169940 | P42: BECTON DICKINSON INDUSTRIAS CIRURGI | Q42: 0.60617132 | R42: =IF($Q42="",0,$Q42*$K42) -> 177608.2 | S42: =R42/12 -> 14800.683 | T42: =IF($Q42=0,0,$R42-$L42) -> 13528.848 | U42: =IFERROR(IF(OR(Q42="",Q42=0),"",T42/L42),"") -> 0.082453083 | V42: 0.6231692 | W42: =IF($V42="",0,$V42*$K42) -> 182588.58 | X42: =W42/12 -> 15215.715 | Y42: =IF($V42=0,0,$W42-$L42) -> 18509.226 | Z42: =IFERROR(IF(OR(V42="",V42=0),"",Y42/L42),"") -> 0.11280655 | AA42: 0.12 | AB42: =Q42-Q42*AA42 -> 0.53343077 | AC42: =AB42*K42 -> 156295.21 | AD42: =AC42-R42 -> -21312.984 | AE42: =IF(R42=0,"",AD42/R42) -> -0.12 | AF42: =AC42-W42 -> -26293.361 | AG42: =AF42/W42 -> -0.14400332 | AH42: FINALIZADO | AJ42: =IFERROR(INDEX($AO$1:$FM$1,MATCH($AK42,$AO42:$FM42,0)),"") -> BD COLETA | AK42: =MIN(AO42:FM42) -> 0.58 | AL42: =AK42*K42 -> 169940 | AM42: =IF(OR(AK42="",AK42=0),0,AL42-$W42) -> -12648.576 | AN42: =IF(AK42=0,"",AM42/$W42) -> -0.069273643 | AR42: 0.58 | FN42: =$AD42*#REF! -> #REF! | FO42: =$AD42*#REF! -> #REF! | FP42: =$AD42*#REF! -> #REF! | FQ42: =$AD42*#REF! -> #REF! | FR42: =$AD42*#REF! -> #REF! | FS42: =$AD42*#REF! -> #REF! | FT42: =$AD42*#REF! -> #REF! | FU42: =$AD42*#REF! -> #REF! | ... FY42: =$AD42*#REF! -> #REF! | FZ42: =SUM(FN42:FY42) -> #REF! | GA42: =AD42-FZ42 -> #REF! | GB42: JUN | GC42: =IF($GB42="jan",$AM42/12,0) -> 0 | GD42: =IF(GC42<>0,GC42,IF($GB42="fev",$AM42/12,0)) -> 0 | GE42: =IF(GD42<>0,GD42,IF($GB42="mar",$AM42/12,0)) -> 0 | GF42: =IF(GE42<>0,GE42,IF($GB42="abr",$AM42/12,0)) -> 0 | GG42: =IF(GF42<>0,GF42,IF($GB42="mai",$AM42/12,0)) -> 0 | GH42: =IF(GG42<>0,GG42,IF($GB42="jun",$AM42/12,0)) -> -1054.048 | GI42: =IF(GH42<>0,GH42,IF($GB42="jul",$AM42/12,0)) -> -1054.048 | GJ42: =IF(GI42<>0,GI42,IF($GB42="ago",$AM42/12,0)) -> -1054.048 | GK42: =IF(GJ42<>0,GJ42,IF($GB42="set",$AM42/12,0)) -> -1054.048 | GL42: =IF(GK42<>0,GK42,IF($GB42="out",$AM42/12,0)) -> -1054.048 | GM42: =IF(GL42<>0,GL42,IF($GB42="nov",$AM42/12,0)) -> -1054.048 | GN42: =IF(GM42<>0,GM42,IF($GB42="dez",$AM42/12,0)) -> -1054.048 | GO42: =SUM(GC42:GN42) -> -7378.3359 | GP42: =IF(GB42="","",IF(AM42=0,0,AM42-GO42)) -> -5270.24 | GQ42: =IF(GO42=0,"",IF(GO42=FZ42,0,IF(GO42<FZ42,1,2))) -> #REF! | GR42: =IF(OR(AK42="",AK42=0),0,AL42-$W42) -> -12648.576 | GS42: =IF(AK42=0,"",GR42/$W42) -> -0.069273643 | GT42: =GB42 -> JUN | GU42: =IF($GT42="jan",$GR42/12,0) -> 0 | GV42: =IF(GU42<>0,GU42,IF($GT42="fev",$GR42/12,0)) -> 0 | GW42: =IF(GV42<>0,GV42,IF($GT42="mar",$GR42/12,0)) -> 0 | GX42: =IF(GW42<>0,GW42,IF($GT42="abr",$GR42/12,0)) -> 0 | GY42: =IF(GX42<>0,GX42,IF($GT42="mai",$GR42/12,0)) -> 0 | GZ42: =IF(GY42<>0,GY42,IF($GT42="jun",$GR42/12,0)) -> -1054.048 | HA42: =IF(GZ42<>0,GZ42,IF($GT42="jul",$GR42/12,0)) -> -1054.048 | HB42: =IF(HA42<>0,HA42,IF($GT42="ago",$GR42/12,0)) -> -1054.048 | HC42: =IF(HB42<>0,HB42,IF($GT42="set",$GR42/12,0)) -> -1054.048 | HD42: =IF(HC42<>0,HC42,IF($GT42="out",$GR42/12,0)) -> -1054.048 | HE42: =IF(HD42<>0,HD42,IF($GT42="nov",$GR42/12,0)) -> -1054.048 | HF42: =IF(HE42<>0,HE42,IF($GT42="dez",$GR42/12,0)) -> -1054.048 | HG42: =SUM(GU42:HF42) -> -7378.3359 | HH42: =IF(GT42=0,"",IF(GR42=0,0,GR42-HG42)) -> -5270.24 | HI42: =IF(HG42=0,"",IF(HG42=FZ42,0,IF(HG42<FZ42,1,2))) -> #REF! | HK42: 0 | HL42: 0 | HM42: =IF($GB42<>"",$GB42,IFERROR(T(INDEX('MATRIZ 2X2'!$J$20:$J$367,MATCH(UPPER(TRIM(SUBSTITUTE(IF(ISNUMBER(VALUE(LEFT(TRIM(J42),6))),MID(TRIM(J42),FIND(" ",TRIM(J42))+1,300),TRIM(J42)),".",""))),'MATRIZ 2X2'!$P$20:$P$367,0))),"")) -> JUN | HN42: =IFERROR(INDEX('MATRIZ 2X2'!$G$20:$G$367,MATCH(UPPER(TRIM(SUBSTITUTE(IF(ISNUMBER(VALUE(LEFT(TRIM(J42),6))),MID(TRIM(J42),FIND(" ",TRIM(J42))+1,300),TRIM(J42)),".",""))),'MATRIZ 2X2'!$P$20:$P$367,0)),"")
A43: =TRIM(E43) -> 198361 | B43: LABORATORIO | C43: PRÉ ANALITICO | D43: TUBO | E43: 198361 | F43: TUBO BD VACUT EDTA 3ML - 360056 | G43: CE | H43: 2045 | I43: HAM-CD FORTALEZA | J43: BECTON DICKINSON IND CIRURG LTDA | K43: 431500 | L43: =M43*K43 -> 159655 | M43: 0.37 | N43: 0.37 | O43: =N43*K43 -> 159655 | P43: BECTON DICKINSON INDUSTRIAS CIRURGI | Q43: 0.42289343 | R43: =IF($Q43="",0,$Q43*$K43) -> 182478.51 | S43: =R43/12 -> 15206.543 | T43: =IF($Q43=0,0,$R43-$L43) -> 22823.515 | U43: =IFERROR(IF(OR(Q43="",Q43=0),"",T43/L43),"") -> 0.14295521 | V43: 0.45117222 | W43: =IF($V43="",0,$V43*$K43) -> 194680.81 | X43: =W43/12 -> 16223.401 | Y43: =IF($V43=0,0,$W43-$L43) -> 35025.813 | Z43: =IFERROR(IF(OR(V43="",V43=0),"",Y43/L43),"") -> 0.21938438 | AA43: 0.12 | AB43: =Q43-Q43*AA43 -> 0.37214622 | AC43: =AB43*K43 -> 160581.09 | AD43: =AC43-R43 -> -21897.422 | AE43: =IF(R43=0,"",AD43/R43) -> -0.12 | AF43: =AC43-W43 -> -34099.72 | AG43: =AF43/W43 -> -0.17515706 | AH43: FINALIZADO | AJ43: =IFERROR(INDEX($AO$1:$FM$1,MATCH($AK43,$AO43:$FM43,0)),"") -> BD COLETA | AK43: =MIN(AO43:FM43) -> 0.37 | AL43: =AK43*K43 -> 159655 | AM43: =IF(OR(AK43="",AK43=0),0,AL43-$W43) -> -35025.813 | AN43: =IF(AK43=0,"",AM43/$W43) -> -0.17991405 | AR43: 0.37 | BH43: 0.385 | BU43: 0.469 | BY43: 1.02425 | BZ43: BD | CI43: 0.5006 | FN43: =$AD43*#REF! -> #REF! | FO43: =$AD43*#REF! -> #REF! | FP43: =$AD43*#REF! -> #REF! | FQ43: =$AD43*#REF! -> #REF! | FR43: =$AD43*#REF! -> #REF! | FS43: =$AD43*#REF! -> #REF! | FT43: =$AD43*#REF! -> #REF! | FU43: =$AD43*#REF! -> #REF! | ... FY43: =$AD43*#REF! -> #REF! | FZ43: =SUM(FN43:FY43) -> #REF! | GA43: =AD43-FZ43 -> #REF! | GB43: JUN | GC43: =IF($GB43="jan",$AM43/12,0) -> 0 | GD43: =IF(GC43<>0,GC43,IF($GB43="fev",$AM43/12,0)) -> 0 | GE43: =IF(GD43<>0,GD43,IF($GB43="mar",$AM43/12,0)) -> 0 | GF43: =IF(GE43<>0,GE43,IF($GB43="abr",$AM43/12,0)) -> 0 | GG43: =IF(GF43<>0,GF43,IF($GB43="mai",$AM43/12,0)) -> 0 | GH43: =IF(GG43<>0,GG43,IF($GB43="jun",$AM43/12,0)) -> -2918.8177 | GI43: =IF(GH43<>0,GH43,IF($GB43="jul",$AM43/12,0)) -> -2918.8177 | GJ43: =IF(GI43<>0,GI43,IF($GB43="ago",$AM43/12,0)) -> -2918.8177 | GK43: =IF(GJ43<>0,GJ43,IF($GB43="set",$AM43/12,0)) -> -2918.8177 | GL43: =IF(GK43<>0,GK43,IF($GB43="out",$AM43/12,0)) -> -2918.8177 | GM43: =IF(GL43<>0,GL43,IF($GB43="nov",$AM43/12,0)) -> -2918.8177 | GN43: =IF(GM43<>0,GM43,IF($GB43="dez",$AM43/12,0)) -> -2918.8177 | GO43: =SUM(GC43:GN43) -> -20431.724 | GP43: =IF(GB43="","",IF(AM43=0,0,AM43-GO43)) -> -14594.089 | GQ43: =IF(GO43=0,"",IF(GO43=FZ43,0,IF(GO43<FZ43,1,2))) -> #REF! | GR43: =IF(OR(AK43="",AK43=0),0,AL43-$W43) -> -35025.813 | GS43: =IF(AK43=0,"",GR43/$W43) -> -0.17991405 | GT43: =GB43 -> JUN | GU43: =IF($GT43="jan",$GR43/12,0) -> 0 | GV43: =IF(GU43<>0,GU43,IF($GT43="fev",$GR43/12,0)) -> 0 | GW43: =IF(GV43<>0,GV43,IF($GT43="mar",$GR43/12,0)) -> 0 | GX43: =IF(GW43<>0,GW43,IF($GT43="abr",$GR43/12,0)) -> 0 | GY43: =IF(GX43<>0,GX43,IF($GT43="mai",$GR43/12,0)) -> 0 | GZ43: =IF(GY43<>0,GY43,IF($GT43="jun",$GR43/12,0)) -> -2918.8177 | HA43: =IF(GZ43<>0,GZ43,IF($GT43="jul",$GR43/12,0)) -> -2918.8177 | HB43: =IF(HA43<>0,HA43,IF($GT43="ago",$GR43/12,0)) -> -2918.8177 | HC43: =IF(HB43<>0,HB43,IF($GT43="set",$GR43/12,0)) -> -2918.8177 | HD43: =IF(HC43<>0,HC43,IF($GT43="out",$GR43/12,0)) -> -2918.8177 | HE43: =IF(HD43<>0,HD43,IF($GT43="nov",$GR43/12,0)) -> -2918.8177 | HF43: =IF(HE43<>0,HE43,IF($GT43="dez",$GR43/12,0)) -> -2918.8177 | HG43: =SUM(GU43:HF43) -> -20431.724 | HH43: =IF(GT43=0,"",IF(GR43=0,0,GR43-HG43)) -> -14594.089 | HI43: =IF(HG43=0,"",IF(HG43=FZ43,0,IF(HG43<FZ43,1,2))) -> #REF! | HK43: 1 | HL43: 1 | HM43: =IF($GB43<>"",$GB43,IFERROR(T(INDEX('MATRIZ 2X2'!$J$20:$J$367,MATCH(UPPER(TRIM(SUBSTITUTE(IF(ISNUMBER(VALUE(LEFT(TRIM(J43),6))),MID(TRIM(J43),FIND(" ",TRIM(J43))+1,300),TRIM(J43)),".",""))),'MATRIZ 2X2'!$P$20:$P$367,0))),"")) -> JUN | HN43: =IFERROR(INDEX('MATRIZ 2X2'!$G$20:$G$367,MATCH(UPPER(TRIM(SUBSTITUTE(IF(ISNUMBER(VALUE(LEFT(TRIM(J43),6))),MID(TRIM(J43),FIND(" ",TRIM(J43))+1,300),TRIM(J43)),".",""))),'MATRIZ 2X2'!$P$20:$P$367,0)),"")
A44: =TRIM(E44) -> 197223 | B44: LABORATORIO | C44: PRÉ ANALITICO | D44: ESCALPE | E44: 197223 | F44: BD VACUT UT/PB 23G 367392 SCALP 1 | G44: AM | H44: 2245 | I44: HAM-HOSP SAO LUCAS | J44: GLOBALMED BRASIL DISTRIBUIDORA | K44: 53000 | L44: =M44*K44 -> 157940 | M44: 2.98 | N44: 3.57 | O44: =N44*K44 -> 189210 | P44: BECTON DICKINSON INDUSTRIAS CIRURGI | Q44: 4.0070958 | R44: =IF($Q44="",0,$Q44*$K44) -> 212376.07 | S44: =R44/12 -> 17698.006 | T44: =IF($Q44=0,0,$R44-$L44) -> 54436.075 | U44: =IFERROR(IF(OR(Q44="",Q44=0),"",T44/L44),"") -> 0.344663 | V44: 4.0914771 | W44: =IF($V44="",0,$V44*$K44) -> 216848.29 | X44: =W44/12 -> 18070.691 | Y44: =IF($V44=0,0,$W44-$L44) -> 58908.287 | Z44: =IFERROR(IF(OR(V44="",V44=0),"",Y44/L44),"") -> 0.3729789 | AA44: 0.12 | AB44: =Q44-Q44*AA44 -> 3.5262443 | AC44: =AB44*K44 -> 186890.95 | AD44: =AC44-R44 -> -25485.129 | AE44: =IF(R44=0,"",AD44/R44) -> -0.12 | AF44: =AC44-W44 -> -29957.341 | AG44: =AF44/W44 -> -0.13814885 | AH44: FINALIZADO | AJ44: =IFERROR(INDEX($AO$1:$FM$1,MATCH($AK44,$AO44:$FM44,0)),"") -> BD COLETA | AK44: =MIN(AO44:FM44) -> 3.39 | AL44: =AK44*K44 -> 179670 | AM44: =IF(OR(AK44="",AK44=0),0,AL44-$W44) -> -37178.287 | AN44: =IF(AK44=0,"",AM44/$W44) -> -0.17144838 | AR44: 3.39 | BH44: 3.68 | BY44: 10.54 | BZ44: BD | FN44: =$AD44*#REF! -> #REF! | FO44: =$AD44*#REF! -> #REF! | FP44: =$AD44*#REF! -> #REF! | FQ44: =$AD44*#REF! -> #REF! | FR44: =$AD44*#REF! -> #REF! | FS44: =$AD44*#REF! -> #REF! | FT44: =$AD44*#REF! -> #REF! | FU44: =$AD44*#REF! -> #REF! | ... FY44: =$AD44*#REF! -> #REF! | FZ44: =SUM(FN44:FY44) -> #REF! | GA44: =AD44-FZ44 -> #REF! | GB44: JUN | GC44: =IF($GB44="jan",$AM44/12,0) -> 0 | GD44: =IF(GC44<>0,GC44,IF($GB44="fev",$AM44/12,0)) -> 0 | GE44: =IF(GD44<>0,GD44,IF($GB44="mar",$AM44/12,0)) -> 0 | GF44: =IF(GE44<>0,GE44,IF($GB44="abr",$AM44/12,0)) -> 0 | GG44: =IF(GF44<>0,GF44,IF($GB44="mai",$AM44/12,0)) -> 0 | GH44: =IF(GG44<>0,GG44,IF($GB44="jun",$AM44/12,0)) -> -3098.1906 | GI44: =IF(GH44<>0,GH44,IF($GB44="jul",$AM44/12,0)) -> -3098.1906 | GJ44: =IF(GI44<>0,GI44,IF($GB44="ago",$AM44/12,0)) -> -3098.1906 | GK44: =IF(GJ44<>0,GJ44,IF($GB44="set",$AM44/12,0)) -> -3098.1906 | GL44: =IF(GK44<>0,GK44,IF($GB44="out",$AM44/12,0)) -> -3098.1906 | GM44: =IF(GL44<>0,GL44,IF($GB44="nov",$AM44/12,0)) -> -3098.1906 | GN44: =IF(GM44<>0,GM44,IF($GB44="dez",$AM44/12,0)) -> -3098.1906 | GO44: =SUM(GC44:GN44) -> -21687.334 | GP44: =IF(GB44="","",IF(AM44=0,0,AM44-GO44)) -> -15490.953 | GQ44: =IF(GO44=0,"",IF(GO44=FZ44,0,IF(GO44<FZ44,1,2))) -> #REF! | GR44: =IF(OR(AK44="",AK44=0),0,AL44-$W44) -> -37178.287 | GS44: =IF(AK44=0,"",GR44/$W44) -> -0.17144838 | GT44: =GB44 -> JUN | GU44: =IF($GT44="jan",$GR44/12,0) -> 0 | GV44: =IF(GU44<>0,GU44,IF($GT44="fev",$GR44/12,0)) -> 0 | GW44: =IF(GV44<>0,GV44,IF($GT44="mar",$GR44/12,0)) -> 0 | GX44: =IF(GW44<>0,GW44,IF($GT44="abr",$GR44/12,0)) -> 0 | GY44: =IF(GX44<>0,GX44,IF($GT44="mai",$GR44/12,0)) -> 0 | GZ44: =IF(GY44<>0,GY44,IF($GT44="jun",$GR44/12,0)) -> -3098.1906 | HA44: =IF(GZ44<>0,GZ44,IF($GT44="jul",$GR44/12,0)) -> -3098.1906 | HB44: =IF(HA44<>0,HA44,IF($GT44="ago",$GR44/12,0)) -> -3098.1906 | HC44: =IF(HB44<>0,HB44,IF($GT44="set",$GR44/12,0)) -> -3098.1906 | HD44: =IF(HC44<>0,HC44,IF($GT44="out",$GR44/12,0)) -> -3098.1906 | HE44: =IF(HD44<>0,HD44,IF($GT44="nov",$GR44/12,0)) -> -3098.1906 | HF44: =IF(HE44<>0,HE44,IF($GT44="dez",$GR44/12,0)) -> -3098.1906 | HG44: =SUM(GU44:HF44) -> -21687.334 | HH44: =IF(GT44=0,"",IF(GR44=0,0,GR44-HG44)) -> -15490.953 | HI44: =IF(HG44=0,"",IF(HG44=FZ44,0,IF(HG44<FZ44,1,2))) -> #REF! | HK44: 0 | HL44: 0 | HM44: =IF($GB44<>"",$GB44,IFERROR(T(INDEX('MATRIZ 2X2'!$J$20:$J$367,MATCH(UPPER(TRIM(SUBSTITUTE(IF(ISNUMBER(VALUE(LEFT(TRIM(J44),6))),MID(TRIM(J44),FIND(" ",TRIM(J44))+1,300),TRIM(J44)),".",""))),'MATRIZ 2X2'!$P$20:$P$367,0))),"")) -> JUN | HN44: =IFERROR(INDEX('MATRIZ 2X2'!$G$20:$G$367,MATCH(UPPER(TRIM(SUBSTITUTE(IF(ISNUMBER(VALUE(LEFT(TRIM(J44),6))),MID(TRIM(J44),FIND(" ",TRIM(J44))+1,300),TRIM(J44)),".",""))),'MATRIZ 2X2'!$P$20:$P$367,0)),"")
A45: =TRIM(E45) -> 171430 | B45: LABORATORIO | C45: PRÉ ANALITICO | D45: ESCALPE | E45: 171430 | F45: ESCALPE COL SANG DISP SEGUR 23GX7 367256 | G45: PR | H45: 9245 | I45: HOSPITAL ONIX MATEUS LEME | J45: BECTON DICKINSON INDUSTRIAS CIRURGI | K45: 57000 | L45: =M45*K45 -> 157320 | M45: 2.76 | N45: 2.3 | O45: =N45*K45 -> 131100 | P45: BECTON DICKINSON INDUSTRIAS CIRURGI | Q45: 2.8630492 | R45: =IF($Q45="",0,$Q45*$K45) -> 163193.8 | S45: =R45/12 -> 13599.484 | T45: =IF($Q45=0,0,$R45-$L45) -> 5873.8038 | U45: =IFERROR(IF(OR(Q45="",Q45=0),"",T45/L45),"") -> 0.037336663 | V45: 2.863338 | W45: =IF($V45="",0,$V45*$K45) -> 163210.27 | X45: =W45/12 -> 13600.855 | Y45: =IF($V45=0,0,$W45-$L45) -> 5890.2656 | Z45: =IFERROR(IF(OR(V45="",V45=0),"",Y45/L45),"") -> 0.037441302 | AA45: 0.12 | AB45: =Q45-Q45*AA45 -> 2.5194833 | AC45: =AB45*K45 -> 143610.55 | AD45: =AC45-R45 -> -19583.256 | AE45: =IF(R45=0,"",AD45/R45) -> -0.12 | AF45: =AC45-W45 -> -19599.718 | AG45: =AF45/W45 -> -0.12008876 | AH45: FINALIZADO | AJ45: =IFERROR(INDEX($AO$1:$FM$1,MATCH($AK45,$AO45:$FM45,0)),"") -> BD COLETA | AK45: =MIN(AO45:FM45) -> 2.12 | AL45: =AK45*K45 -> 120840 | AM45: =IF(OR(AK45="",AK45=0),0,AL45-$W45) -> -42370.266 | AN45: =IF(AK45=0,"",AM45/$W45) -> -0.2596054 | AR45: 2.12 | FN45: =$AD45*#REF! -> #REF! | FO45: =$AD45*#REF! -> #REF! | FP45: =$AD45*#REF! -> #REF! | FQ45: =$AD45*#REF! -> #REF! | FR45: =$AD45*#REF! -> #REF! | FS45: =$AD45*#REF! -> #REF! | FT45: =$AD45*#REF! -> #REF! | FU45: =$AD45*#REF! -> #REF! | ... FY45: =$AD45*#REF! -> #REF! | FZ45: =SUM(FN45:FY45) -> #REF! | GA45: =AD45-FZ45 -> #REF! | GB45: JUN | GC45: =IF($GB45="jan",$AM45/12,0) -> 0 | GD45: =IF(GC45<>0,GC45,IF($GB45="fev",$AM45/12,0)) -> 0 | GE45: =IF(GD45<>0,GD45,IF($GB45="mar",$AM45/12,0)) -> 0 | GF45: =IF(GE45<>0,GE45,IF($GB45="abr",$AM45/12,0)) -> 0 | GG45: =IF(GF45<>0,GF45,IF($GB45="mai",$AM45/12,0)) -> 0 | GH45: =IF(GG45<>0,GG45,IF($GB45="jun",$AM45/12,0)) -> -3530.8555 | GI45: =IF(GH45<>0,GH45,IF($GB45="jul",$AM45/12,0)) -> -3530.8555 | GJ45: =IF(GI45<>0,GI45,IF($GB45="ago",$AM45/12,0)) -> -3530.8555 | GK45: =IF(GJ45<>0,GJ45,IF($GB45="set",$AM45/12,0)) -> -3530.8555 | GL45: =IF(GK45<>0,GK45,IF($GB45="out",$AM45/12,0)) -> -3530.8555 | GM45: =IF(GL45<>0,GL45,IF($GB45="nov",$AM45/12,0)) -> -3530.8555 | GN45: =IF(GM45<>0,GM45,IF($GB45="dez",$AM45/12,0)) -> -3530.8555 | GO45: =SUM(GC45:GN45) -> -24715.988 | GP45: =IF(GB45="","",IF(AM45=0,0,AM45-GO45)) -> -17654.277 | GQ45: =IF(GO45=0,"",IF(GO45=FZ45,0,IF(GO45<FZ45,1,2))) -> #REF! | GR45: =IF(OR(AK45="",AK45=0),0,AL45-$W45) -> -42370.266 | GS45: =IF(AK45=0,"",GR45/$W45) -> -0.2596054 | GT45: =GB45 -> JUN | GU45: =IF($GT45="jan",$GR45/12,0) -> 0 | GV45: =IF(GU45<>0,GU45,IF($GT45="fev",$GR45/12,0)) -> 0 | GW45: =IF(GV45<>0,GV45,IF($GT45="mar",$GR45/12,0)) -> 0 | GX45: =IF(GW45<>0,GW45,IF($GT45="abr",$GR45/12,0)) -> 0 | GY45: =IF(GX45<>0,GX45,IF($GT45="mai",$GR45/12,0)) -> 0 | GZ45: =IF(GY45<>0,GY45,IF($GT45="jun",$GR45/12,0)) -> -3530.8555 | HA45: =IF(GZ45<>0,GZ45,IF($GT45="jul",$GR45/12,0)) -> -3530.8555 | HB45: =IF(HA45<>0,HA45,IF($GT45="ago",$GR45/12,0)) -> -3530.8555 | HC45: =IF(HB45<>0,HB45,IF($GT45="set",$GR45/12,0)) -> -3530.8555 | HD45: =IF(HC45<>0,HC45,IF($GT45="out",$GR45/12,0)) -> -3530.8555 | HE45: =IF(HD45<>0,HD45,IF($GT45="nov",$GR45/12,0)) -> -3530.8555 | HF45: =IF(HE45<>0,HE45,IF($GT45="dez",$GR45/12,0)) -> -3530.8555 | HG45: =SUM(GU45:HF45) -> -24715.988 | HH45: =IF(GT45=0,"",IF(GR45=0,0,GR45-HG45)) -> -17654.277 | HI45: =IF(HG45=0,"",IF(HG45=FZ45,0,IF(HG45<FZ45,1,2))) -> #REF! | HK45: 0 | HL45: 0 | HM45: =IF($GB45<>"",$GB45,IFERROR(T(INDEX('MATRIZ 2X2'!$J$20:$J$367,MATCH(UPPER(TRIM(SUBSTITUTE(IF(ISNUMBER(VALUE(LEFT(TRIM(J45),6))),MID(TRIM(J45),FIND(" ",TRIM(J45))+1,300),TRIM(J45)),".",""))),'MATRIZ 2X2'!$P$20:$P$367,0))),"")) -> JUN | HN45: =IFERROR(INDEX('MATRIZ 2X2'!$G$20:$G$367,MATCH(UPPER(TRIM(SUBSTITUTE(IF(ISNUMBER(VALUE(LEFT(TRIM(J45),6))),MID(TRIM(J45),FIND(" ",TRIM(J45))+1,300),TRIM(J45)),".",""))),'MATRIZ 2X2'!$P$20:$P$367,0)),"")
A46: =TRIM(E46) -> 213624 | B46: LABORATORIO | C46: PRÉ ANALITICO | D46: SERINGA | E46: 213624 | F46: SERINGA GASO C/HEPAR 2ML | G46: SP | H46: 3069 | I46: NDI-CD LAPA | J46: SARSTEDT LTDA | K46: 78000 | L46: =M46*K46 -> 152131.2 | M46: 1.9504 | N46: 195.04 | O46: =N46*K46 -> 15213120 | P46: SARSTEDT LTDA | Q46: 1.9595321 | R46: =IF($Q46="",0,$Q46*$K46) -> 152843.51 | S46: =R46/12 -> 12736.959 | T46: =IF($Q46=0,0,$R46-$L46) -> 712.30682 | U46: =IFERROR(IF(OR(Q46="",Q46=0),"",T46/L46),"") -> 0.0046821876 | V46: 1.9506407 | W46: =IF($V46="",0,$V46*$K46) -> 152149.97 | X46: =W46/12 -> 12679.164 | Y46: =IF($V46=0,0,$W46-$L46) -> 18.772687 | Z46: =IFERROR(IF(OR(V46="",V46=0),"",Y46/L46),"") -> 0.00012339801 | AA46: 0.12 | AB46: =Q46-Q46*AA46 -> 1.7243883 | AC46: =AB46*K46 -> 134502.29 | AD46: =AC46-R46 -> -18341.221 | AE46: =IF(R46=0,"",AD46/R46) -> -0.12 | AF46: =AC46-W46 -> -17647.687 | AG46: =AF46/W46 -> -0.11598876 | AH46: FINALIZADO | AJ46: =IFERROR(INDEX($AO$1:$FM$1,MATCH($AK46,$AO46:$FM46,0)),"") -> SARSTEDT | AK46: =MIN(AO46:FM46) -> 1.95 | AL46: =AK46*K46 -> 152100 | AM46: =IF(OR(AK46="",AK46=0),0,AL46-$W46) -> -49.972687 | AN46: =IF(AK46=0,"",AM46/$W46) -> -0.00032844361 | AV46: 1.95 | AW46: SARSTEDT | BY46: 3.2076 | BZ46: FIRST LAB | FN46: =$AD46*#REF! -> #REF! | FO46: =$AD46*#REF! -> #REF! | FP46: =$AD46*#REF! -> #REF! | FQ46: =$AD46*#REF! -> #REF! | FR46: =$AD46*#REF! -> #REF! | FS46: =$AD46*#REF! -> #REF! | FT46: =$AD46*#REF! -> #REF! | FU46: =$AD46*#REF! -> #REF! | ... FY46: =$AD46*#REF! -> #REF! | FZ46: =SUM(FN46:FY46) -> #REF! | GA46: =AD46-FZ46 -> #REF! | GB46: MAI | GC46: =IF($GB46="jan",$AM46/12,0) -> 0 | GD46: =IF(GC46<>0,GC46,IF($GB46="fev",$AM46/12,0)) -> 0 | GE46: =IF(GD46<>0,GD46,IF($GB46="mar",$AM46/12,0)) -> 0 | GF46: =IF(GE46<>0,GE46,IF($GB46="abr",$AM46/12,0)) -> 0 | GG46: =IF(GF46<>0,GF46,IF($GB46="mai",$AM46/12,0)) -> -4.1643906 | GH46: =IF(GG46<>0,GG46,IF($GB46="jun",$AM46/12,0)) -> -4.1643906 | GI46: =IF(GH46<>0,GH46,IF($GB46="jul",$AM46/12,0)) -> -4.1643906 | GJ46: =IF(GI46<>0,GI46,IF($GB46="ago",$AM46/12,0)) -> -4.1643906 | GK46: =IF(GJ46<>0,GJ46,IF($GB46="set",$AM46/12,0)) -> -4.1643906 | GL46: =IF(GK46<>0,GK46,IF($GB46="out",$AM46/12,0)) -> -4.1643906 | GM46: =IF(GL46<>0,GL46,IF($GB46="nov",$AM46/12,0)) -> -4.1643906 | GN46: =IF(GM46<>0,GM46,IF($GB46="dez",$AM46/12,0)) -> -4.1643906 | GO46: =SUM(GC46:GN46) -> -33.315124 | GP46: =IF(GB46="","",IF(AM46=0,0,AM46-GO46)) -> -16.657562 | GQ46: =IF(GO46=0,"",IF(GO46=FZ46,0,IF(GO46<FZ46,1,2))) -> #REF! | GR46: =IF(OR(AK46="",AK46=0),0,AL46-$W46) -> -49.972687 | GS46: =IF(AK46=0,"",GR46/$W46) -> -0.00032844361 | GT46: =GB46 -> MAI | GU46: =IF($GT46="jan",$GR46/12,0) -> 0 | GV46: =IF(GU46<>0,GU46,IF($GT46="fev",$GR46/12,0)) -> 0 | GW46: =IF(GV46<>0,GV46,IF($GT46="mar",$GR46/12,0)) -> 0 | GX46: =IF(GW46<>0,GW46,IF($GT46="abr",$GR46/12,0)) -> 0 | GY46: =IF(GX46<>0,GX46,IF($GT46="mai",$GR46/12,0)) -> -4.1643906 | GZ46: =IF(GY46<>0,GY46,IF($GT46="jun",$GR46/12,0)) -> -4.1643906 | HA46: =IF(GZ46<>0,GZ46,IF($GT46="jul",$GR46/12,0)) -> -4.1643906 | HB46: =IF(HA46<>0,HA46,IF($GT46="ago",$GR46/12,0)) -> -4.1643906 | HC46: =IF(HB46<>0,HB46,IF($GT46="set",$GR46/12,0)) -> -4.1643906 | HD46: =IF(HC46<>0,HC46,IF($GT46="out",$GR46/12,0)) -> -4.1643906 | HE46: =IF(HD46<>0,HD46,IF($GT46="nov",$GR46/12,0)) -> -4.1643906 | HF46: =IF(HE46<>0,HE46,IF($GT46="dez",$GR46/12,0)) -> -4.1643906 | HG46: =SUM(GU46:HF46) -> -33.315124 | HH46: =IF(GT46=0,"",IF(GR46=0,0,GR46-HG46)) -> -16.657562 | HI46: =IF(HG46=0,"",IF(HG46=FZ46,0,IF(HG46<FZ46,1,2))) -> #REF! | HK46: 0 | HL46: 0 | HM46: =IF($GB46<>"",$GB46,IFERROR(T(INDEX('MATRIZ 2X2'!$J$20:$J$367,MATCH(UPPER(TRIM(SUBSTITUTE(IF(ISNUMBER(VALUE(LEFT(TRIM(J46),6))),MID(TRIM(J46),FIND(" ",TRIM(J46))+1,300),TRIM(J46)),".",""))),'MATRIZ 2X2'!$P$20:$P$367,0))),"")) -> MAI | HN46: =IFERROR(INDEX('MATRIZ 2X2'!$G$20:$G$367,MATCH(UPPER(TRIM(SUBSTITUTE(IF(ISNUMBER(VALUE(LEFT(TRIM(J46),6))),MID(TRIM(J46),FIND(" ",TRIM(J46))+1,300),TRIM(J46)),".",""))),'MATRIZ 2X2'!$P$20:$P$367,0)),"")
A47: =TRIM(E47) -> 212234 | B47: LABORATORIO | C47: PRÉ ANALITICO | D47: TUBO | E47: 212234 | F47: VAC GEL SST 3,5ML 360059 TB 13X75MM | G47: GO | H47: 2235 | I47: HAM-LABORATORIO JARDIM AMERICA | J47: BECTON DICKINSON INDUSTRIAS CIRURGI | K47: 270000 | L47: =M47*K47 -> 151199.92 | M47: 0.5599997 | N47: 0.58 | O47: =N47*K47 -> 156600 | P47: BECTON DICKINSON INDUSTRIAS CIRURGI | Q47: 0.60617132 | R47: =IF($Q47="",0,$Q47*$K47) -> 163666.26 | S47: =R47/12 -> 13638.855 | T47: =IF($Q47=0,0,$R47-$L47) -> 12466.338 | U47: =IFERROR(IF(OR(Q47="",Q47=0),"",T47/L47),"") -> 0.082449367 | V47: 0.6231692 | W47: =IF($V47="",0,$V47*$K47) -> 168255.68 | X47: =W47/12 -> 14021.307 | Y47: =IF($V47=0,0,$W47-$L47) -> 17055.764 | Z47: =IFERROR(IF(OR(V47="",V47=0),"",Y47/L47),"") -> 0.11280273 | AA47: 0.12 | AB47: =Q47-Q47*AA47 -> 0.53343077 | AC47: =AB47*K47 -> 144026.31 | AD47: =AC47-R47 -> -19639.951 | AE47: =IF(R47=0,"",AD47/R47) -> -0.12 | AF47: =AC47-W47 -> -24229.377 | AG47: =AF47/W47 -> -0.14400332 | AH47: FINALIZADO | AJ47: =IFERROR(INDEX($AO$1:$FM$1,MATCH($AK47,$AO47:$FM47,0)),"") -> BD COLETA | AK47: =MIN(AO47:FM47) -> 0.58 | AL47: =AK47*K47 -> 156600 | AM47: =IF(OR(AK47="",AK47=0),0,AL47-$W47) -> -11655.684 | AN47: =IF(AK47=0,"",AM47/$W47) -> -0.069273643 | AR47: 0.58 | FN47: =$AD47*#REF! -> #REF! | FO47: =$AD47*#REF! -> #REF! | FP47: =$AD47*#REF! -> #REF! | FQ47: =$AD47*#REF! -> #REF! | FR47: =$AD47*#REF! -> #REF! | FS47: =$AD47*#REF! -> #REF! | FT47: =$AD47*#REF! -> #REF! | FU47: =$AD47*#REF! -> #REF! | ... FY47: =$AD47*#REF! -> #REF! | FZ47: =SUM(FN47:FY47) -> #REF! | GA47: =AD47-FZ47 -> #REF! | GB47: JUN | GC47: =IF($GB47="jan",$AM47/12,0) -> 0 | GD47: =IF(GC47<>0,GC47,IF($GB47="fev",$AM47/12,0)) -> 0 | GE47: =IF(GD47<>0,GD47,IF($GB47="mar",$AM47/12,0)) -> 0 | GF47: =IF(GE47<>0,GE47,IF($GB47="abr",$AM47/12,0)) -> 0 | GG47: =IF(GF47<>0,GF47,IF($GB47="mai",$AM47/12,0)) -> 0 | GH47: =IF(GG47<>0,GG47,IF($GB47="jun",$AM47/12,0)) -> -971.30702 | GI47: =IF(GH47<>0,GH47,IF($GB47="jul",$AM47/12,0)) -> -971.30702 | GJ47: =IF(GI47<>0,GI47,IF($GB47="ago",$AM47/12,0)) -> -971.30702 | GK47: =IF(GJ47<>0,GJ47,IF($GB47="set",$AM47/12,0)) -> -971.30702 | GL47: =IF(GK47<>0,GK47,IF($GB47="out",$AM47/12,0)) -> -971.30702 | GM47: =IF(GL47<>0,GL47,IF($GB47="nov",$AM47/12,0)) -> -971.30702 | GN47: =IF(GM47<>0,GM47,IF($GB47="dez",$AM47/12,0)) -> -971.30702 | GO47: =SUM(GC47:GN47) -> -6799.1492 | GP47: =IF(GB47="","",IF(AM47=0,0,AM47-GO47)) -> -4856.5351 | GQ47: =IF(GO47=0,"",IF(GO47=FZ47,0,IF(GO47<FZ47,1,2))) -> #REF! | GR47: =IF(OR(AK47="",AK47=0),0,AL47-$W47) -> -11655.684 | GS47: =IF(AK47=0,"",GR47/$W47) -> -0.069273643 | GT47: =GB47 -> JUN | GU47: =IF($GT47="jan",$GR47/12,0) -> 0 | GV47: =IF(GU47<>0,GU47,IF($GT47="fev",$GR47/12,0)) -> 0 | GW47: =IF(GV47<>0,GV47,IF($GT47="mar",$GR47/12,0)) -> 0 | GX47: =IF(GW47<>0,GW47,IF($GT47="abr",$GR47/12,0)) -> 0 | GY47: =IF(GX47<>0,GX47,IF($GT47="mai",$GR47/12,0)) -> 0 | GZ47: =IF(GY47<>0,GY47,IF($GT47="jun",$GR47/12,0)) -> -971.30702 | HA47: =IF(GZ47<>0,GZ47,IF($GT47="jul",$GR47/12,0)) -> -971.30702 | HB47: =IF(HA47<>0,HA47,IF($GT47="ago",$GR47/12,0)) -> -971.30702 | HC47: =IF(HB47<>0,HB47,IF($GT47="set",$GR47/12,0)) -> -971.30702 | HD47: =IF(HC47<>0,HC47,IF($GT47="out",$GR47/12,0)) -> -971.30702 | HE47: =IF(HD47<>0,HD47,IF($GT47="nov",$GR47/12,0)) -> -971.30702 | HF47: =IF(HE47<>0,HE47,IF($GT47="dez",$GR47/12,0)) -> -971.30702 | HG47: =SUM(GU47:HF47) -> -6799.1492 | HH47: =IF(GT47=0,"",IF(GR47=0,0,GR47-HG47)) -> -4856.5351 | HI47: =IF(HG47=0,"",IF(HG47=FZ47,0,IF(HG47<FZ47,1,2))) -> #REF! | HK47: 0 | HL47: 0 | HM47: =IF($GB47<>"",$GB47,IFERROR(T(INDEX('MATRIZ 2X2'!$J$20:$J$367,MATCH(UPPER(TRIM(SUBSTITUTE(IF(ISNUMBER(VALUE(LEFT(TRIM(J47),6))),MID(TRIM(J47),FIND(" ",TRIM(J47))+1,300),TRIM(J47)),".",""))),'MATRIZ 2X2'!$P$20:$P$367,0))),"")) -> JUN | HN47: =IFERROR(INDEX('MATRIZ 2X2'!$G$20:$G$367,MATCH(UPPER(TRIM(SUBSTITUTE(IF(ISNUMBER(VALUE(LEFT(TRIM(J47),6))),MID(TRIM(J47),FIND(" ",TRIM(J47))+1,300),TRIM(J47)),".",""))),'MATRIZ 2X2'!$P$20:$P$367,0)),"")
A48: =TRIM(E48) -> 212236 | B48: LABORATORIO | C48: PRÉ ANALITICO | D48: TUBO | E48: 212236 | F48: VACUT K2 EDTA 4ML 360057 TB 13X75MM | G48: PE | H48: 2044 | I48: HAM-CD RECIFE | J48: GLOBALMED BRASIL DISTRIBUIDORA | K48: 218100 | L48: =M48*K48 -> 140212 | M48: 0.64287941 | N48: 0.39 | O48: =N48*K48 -> 85059 | P48: BECTON DICKINSON INDUSTRIAS CIRURGI | Q48: 0.38626284 | R48: =IF($Q48="",0,$Q48*$K48) -> 84243.925 | S48: =R48/12 -> 7020.3271 | T48: =IF($Q48=0,0,$R48-$L48) -> -55968.075 | U48: =IFERROR(IF(OR(Q48="",Q48=0),"",T48/L48),"") -> -0.39916751 | V48: 0.39726512 | W48: =IF($V48="",0,$V48*$K48) -> 86643.523 | X48: =W48/12 -> 7220.2936 | Y48: =IF($V48=0,0,$W48-$L48) -> -53568.477 | Z48: =IFERROR(IF(OR(V48="",V48=0),"",Y48/L48),"") -> -0.38205344 | AA48: 0.12 | AB48: =Q48-Q48*AA48 -> 0.3399113 | AC48: =AB48*K48 -> 74134.654 | AD48: =AC48-R48 -> -10109.271 | AE48: =IF(R48=0,"",AD48/R48) -> -0.12 | AF48: =AC48-W48 -> -12508.869 | AG48: =AF48/W48 -> -0.14437166 | AH48: FINALIZADO | AJ48: =IFERROR(INDEX($AO$1:$FM$1,MATCH($AK48,$AO48:$FM48,0)),"") -> BD COLETA | AK48: =MIN(AO48:FM48) -> 0.39 | AL48: =AK48*K48 -> 85059 | AM48: =IF(OR(AK48="",AK48=0),0,AL48-$W48) -> -1584.5233 | AN48: =IF(AK48=0,"",AM48/$W48) -> -0.018287845 | AR48: 0.39 | FN48: =$AD48*#REF! -> #REF! | FO48: =$AD48*#REF! -> #REF! | FP48: =$AD48*#REF! -> #REF! | FQ48: =$AD48*#REF! -> #REF! | FR48: =$AD48*#REF! -> #REF! | FS48: =$AD48*#REF! -> #REF! | FT48: =$AD48*#REF! -> #REF! | FU48: =$AD48*#REF! -> #REF! | ... FY48: =$AD48*#REF! -> #REF! | FZ48: =SUM(FN48:FY48) -> #REF! | GA48: =AD48-FZ48 -> #REF! | GB48: JUN | GC48: =IF($GB48="jan",$AM48/12,0) -> 0 | GD48: =IF(GC48<>0,GC48,IF($GB48="fev",$AM48/12,0)) -> 0 | GE48: =IF(GD48<>0,GD48,IF($GB48="mar",$AM48/12,0)) -> 0 | GF48: =IF(GE48<>0,GE48,IF($GB48="abr",$AM48/12,0)) -> 0 | GG48: =IF(GF48<>0,GF48,IF($GB48="mai",$AM48/12,0)) -> 0 | GH48: =IF(GG48<>0,GG48,IF($GB48="jun",$AM48/12,0)) -> -132.04361 | GI48: =IF(GH48<>0,GH48,IF($GB48="jul",$AM48/12,0)) -> -132.04361 | GJ48: =IF(GI48<>0,GI48,IF($GB48="ago",$AM48/12,0)) -> -132.04361 | GK48: =IF(GJ48<>0,GJ48,IF($GB48="set",$AM48/12,0)) -> -132.04361 | GL48: =IF(GK48<>0,GK48,IF($GB48="out",$AM48/12,0)) -> -132.04361 | GM48: =IF(GL48<>0,GL48,IF($GB48="nov",$AM48/12,0)) -> -132.04361 | GN48: =IF(GM48<>0,GM48,IF($GB48="dez",$AM48/12,0)) -> -132.04361 | GO48: =SUM(GC48:GN48) -> -924.30525 | GP48: =IF(GB48="","",IF(AM48=0,0,AM48-GO48)) -> -660.21803 | GQ48: =IF(GO48=0,"",IF(GO48=FZ48,0,IF(GO48<FZ48,1,2))) -> #REF! | GR48: =IF(OR(AK48="",AK48=0),0,AL48-$W48) -> -1584.5233 | GS48: =IF(AK48=0,"",GR48/$W48) -> -0.018287845 | GT48: =GB48 -> JUN | GU48: =IF($GT48="jan",$GR48/12,0) -> 0 | GV48: =IF(GU48<>0,GU48,IF($GT48="fev",$GR48/12,0)) -> 0 | GW48: =IF(GV48<>0,GV48,IF($GT48="mar",$GR48/12,0)) -> 0 | GX48: =IF(GW48<>0,GW48,IF($GT48="abr",$GR48/12,0)) -> 0 | GY48: =IF(GX48<>0,GX48,IF($GT48="mai",$GR48/12,0)) -> 0 | GZ48: =IF(GY48<>0,GY48,IF($GT48="jun",$GR48/12,0)) -> -132.04361 | HA48: =IF(GZ48<>0,GZ48,IF($GT48="jul",$GR48/12,0)) -> -132.04361 | HB48: =IF(HA48<>0,HA48,IF($GT48="ago",$GR48/12,0)) -> -132.04361 | HC48: =IF(HB48<>0,HB48,IF($GT48="set",$GR48/12,0)) -> -132.04361 | HD48: =IF(HC48<>0,HC48,IF($GT48="out",$GR48/12,0)) -> -132.04361 | HE48: =IF(HD48<>0,HD48,IF($GT48="nov",$GR48/12,0)) -> -132.04361 | HF48: =IF(HE48<>0,HE48,IF($GT48="dez",$GR48/12,0)) -> -132.04361 | HG48: =SUM(GU48:HF48) -> -924.30525 | HH48: =IF(GT48=0,"",IF(GR48=0,0,GR48-HG48)) -> -660.21803 | HI48: =IF(HG48=0,"",IF(HG48=FZ48,0,IF(HG48<FZ48,1,2))) -> #REF! | HK48: 0 | HL48: 0 | HM48: =IF($GB48<>"",$GB48,IFERROR(T(INDEX('MATRIZ 2X2'!$J$20:$J$367,MATCH(UPPER(TRIM(SUBSTITUTE(IF(ISNUMBER(VALUE(LEFT(TRIM(J48),6))),MID(TRIM(J48),FIND(" ",TRIM(J48))+1,300),TRIM(J48)),".",""))),'MATRIZ 2X2'!$P$20:$P$367,0))),"")) -> JUN | HN48: =IFERROR(INDEX('MATRIZ 2X2'!$G$20:$G$367,MATCH(UPPER(TRIM(SUBSTITUTE(IF(ISNUMBER(VALUE(LEFT(TRIM(J48),6))),MID(TRIM(J48),FIND(" ",TRIM(J48))+1,300),TRIM(J48)),".",""))),'MATRIZ 2X2'!$P$20:$P$367,0)),"")

Sheet Planilha1
A1: MATERIAL
A2: 209340
A3: 225698
A4: 212235
A5: 150420
A6: 171430
A7: 211181
A8: 152794
A9: 197223
A10: 212236
A11: 213624
A12: 212234
A13: 139779
... A915: 225590
A916: TESTE
A917: 221420
A918: 213040
A919: 237782
A920: 225588
A921: 149747
A922: 211668
A923: 226285
A924: 240225
A925: 225858
A926: 227251
A927: 207793
A928: 56545
... A2399: 240787

Sheet SKUs
C1: =COUNTA(C3:C2424) -> 2422 | J1: =COUNTA(J3:J2424) -> 384
C2: Material | J2: Nome Fornecedor
C3: 223355 | D3: =VLOOKUP(C3,'Equalização'!E:J,6,0) -> #N/A | J3: SIEMENS HEALTHCARE DIAGNOSTICOS LTDA
C4: 225613 | D4: =VLOOKUP(C4,'Equalização'!E:J,6,0) -> #N/A | J4: ROCHE DIAGNOSTICA BRASIL LTDA
C5: 219893 | D5: =VLOOKUP(C5,'Equalização'!E:J,6,0) -> #N/A | J5: BAYER S.A.
C6: 207822 | D6: =VLOOKUP(C6,'Equalização'!E:J,6,0) -> #N/A | J6: BECTON DICKINSON IND CIRURG LTDA
C7: 222016 | D7: =VLOOKUP(C7,'Equalização'!E:J,6,0) -> #N/A | J7: BECTON DICKINSON INDUSTRIAS CIRURGI
C8: 225639 | D8: =VLOOKUP(C8,'Equalização'!E:J,6,0) -> #N/A | J8: PHADIA DIAGNOSTICOS LTDA
C9: 209340 | D9: =VLOOKUP(C9,'Equalização'!E:J,6,0) -> BAYER S.A. | J9: MOBIUS LIFE SCIENCE INDUSTRIA E
C10: 210988 | D10: =VLOOKUP(C10,'Equalização'!E:J,6,0) -> #N/A | J10: PROBAC DO BRASIL PRODUTOS BACTERIOL
C11: 207265 | D11: =VLOOKUP(C11,'Equalização'!E:J,6,0) -> #N/A | J11: WERFEN MEDICAL LTDA
C12: 211095 | D12: =VLOOKUP(C12,'Equalização'!E:J,6,0) -> #N/A | J12: AGAR LAB SERVICOS LTDA
C13: 211549 | D13: =VLOOKUP(C13,'Equalização'!E:J,6,0) -> #N/A | J13: LABORCLIN LTDA
C14: 225698 | D14: =VLOOKUP(C14,'Equalização'!E:J,6,0) -> BECTON DICKINSON IND CIRURG LTDA | J14: DIPROMED COM E IMP LTDA
... C386: 213027 | D386: =VLOOKUP(C386,'Equalização'!E:J,6,0) -> #N/A | J386: FRAN'S PHARMA FARMACIA DE MANIPULAC
C387: 207144 | D387: =VLOOKUP(C387,'Equalização'!E:J,6,0) -> #N/A
C388: 225718 | D388: =VLOOKUP(C388,'Equalização'!E:J,6,0) -> #N/A
C389: 207238 | D389: =VLOOKUP(C389,'Equalização'!E:J,6,0) -> #N/A
C390: 223122 | D390: =VLOOKUP(C390,'Equalização'!E:J,6,0) -> #N/A
C391: 207759 | D391: =VLOOKUP(C391,'Equalização'!E:J,6,0) -> #N/A
C392: 225586 | D392: =VLOOKUP(C392,'Equalização'!E:J,6,0) -> #N/A
C393: 212987 | D393: =VLOOKUP(C393,'Equalização'!E:J,6,0) -> #N/A
C394: 214035 | D394: =VLOOKUP(C394,'Equalização'!E:J,6,0) -> #N/A
C395: 225903 | D395: =VLOOKUP(C395,'Equalização'!E:J,6,0) -> #N/A
C396: 222405 | D396: =VLOOKUP(C396,'Equalização'!E:J,6,0) -> #N/A
C397: 146553 | D397: =VLOOKUP(C397,'Equalização'!E:J,6,0) -> #N/A
C398: 213509 | D398: =VLOOKUP(C398,'Equalização'!E:J,6,0) -> #N/A
... C2424: 240787 | D2424: =VLOOKUP(C2424,'Equalização'!E:J,6,0) -> #N/A

Sheet ITENS NEGOCIADOS

Sheet CRONOGRAMA
B2: 1-Cronograma de spend negociado - Baseline consumo | S2: Baseline | T2: =C7 -> #REF! | U2: =G6 -> Abr | X2: Projetado | Y2: =SUM(D7:G7) -> #REF!
S3: Realizado | T3: =C8 -> 869205.48 | X3: Realizado | Y3: =C8 -> 869205.48
D4: Negociação | S4: % | T4: =T3/T2 -> #REF! | X4: % | Y4: =Y3/Y2 -> #REF!
D5: 0 | E5: 0 | F5: 0 | G5: 0.2 | H5: 0.4 | I5: 0.4
B6: Dados | C6: Baseline | D6: Jan | E6: Fev | F6: Mar | G6: Abr | H6: Mai | I6: Jun | J6: Jul | K6: Ago | L6: Set | M6: Out | N6: Nov | O6: Dez
B7: Projetado | C7: =#REF!-C23 -> #REF! | D7: =$C$7*D5 -> #REF! | E7: =$C$7*E5 -> #REF! | F7: =$C$7*F5 -> #REF! | G7: =$C$7*G5 -> #REF! | H7: =$C$7*H5 -> #REF! | I7: =$C$7*I5 -> #REF!
B8: Concluida | C8: =SUM(D8:G8) -> 869205.48 | D8: =SUMIFS('Equalização'!$W:$W,'Equalização'!$AH:$AH,"finalizado",'Equalização'!$GB:$GB,D6) -> 0 | E8: =SUMIFS('Equalização'!$W:$W,'Equalização'!$AH:$AH,"finalizado",'Equalização'!$GB:$GB,E6) -> 0 | F8: =SUMIFS('Equalização'!$W:$W,'Equalização'!$AH:$AH,"finalizado",'Equalização'!$GB:$GB,F6) -> 0 | G8: =SUMIFS('Equalização'!$W:$W,'Equalização'!$AH:$AH,"finalizado",'Equalização'!$GB:$GB,H6) -> 869205.48 | H8: =SUM(D7:G7)-SUM(D8:G8)+H7 -> #REF! | I8: =I7 -> #REF!
B9: % sobre projetado | D9: =IFERROR(D8/D7,"") | E9: =IFERROR(E8/E7,"") | F9: =IFERROR(F8/F7,"") | G9: =IFERROR(G8/G7,"") | H9: =IFERROR(H8/H7,"") | I9: =IFERROR(I8/I7,"")
B10: % sobre baseline | C10: =SUM(D10:G10) -> #REF! | D10: =D8/$C$7 -> #REF! | E10: =E8/$C$7 -> #REF! | F10: =F8/$C$7 -> #REF! | G10: =G8/$C$7 -> #REF! | H10: =H8/$C$7 -> #REF! | I10: =I8/$C$7 -> #REF!
B11: Qtde sku´s | C11: =SKUs!C1-D23 -> 2422 | D11: =COUNTIF('ITENS NEGOCIADOS'!$C:$C,CRONOGRAMA!D6) -> 0 | E11: =COUNTIF('ITENS NEGOCIADOS'!$C:$C,CRONOGRAMA!E6) -> 0 | F11: =COUNTIF('ITENS NEGOCIADOS'!$C:$C,CRONOGRAMA!F6) -> 0 | G11: =COUNTIF('ITENS NEGOCIADOS'!$C:$C,H6) -> 1 | H11: =$C$11*H5+((SUM(D11:G11)*20%/0.2835%)-SUM(D11:G11)) -> 1038.3467 | I11: =C11*I5 -> 968.8
B12: % sobre baseline | C12: =SUM(D12:G12) -> 0.00041288192 | D12: =D11/$C$11 -> 0 | E12: =E11/$C$11 -> 0 | F12: =F11/$C$11 -> 0 | G12: =G11/$C$11 -> 0.00041288192 | H12: =H11/$C$11 -> 0.42871459 | I12: =I11/$C$11 -> 0.4
B14: Legenda:
C15: Concluído
C16: Em andamento
B19: Portfólio em negociação pela Accenture
C20: Baseline | D20: Sku´s | F20: Potencial saving
A21: SIEMENS HEALTHCARE DIAGNOSTICOS LTDA | B21: Siemens | C21: =SUMIF('Equalização'!J:J,CRONOGRAMA!A21,'Equalização'!W:W) -> 0 | D21: =COUNTIF(SKUs!D:D,CRONOGRAMA!A21) -> 0 | F21: =SUMIF('Equalização'!J:J,CRONOGRAMA!A21,'Equalização'!AF:AF) -> 0
A22: ROCHE DIAGNOSTICA BRASIL LTDA | B22: Roche | C22: =SUMIF('Equalização'!J:J,CRONOGRAMA!A22,'Equalização'!W:W) -> 0 | D22: =COUNTIF(SKUs!D:D,CRONOGRAMA!A22) -> 0 | F22: =SUMIF('Equalização'!J:J,CRONOGRAMA!A22,'Equalização'!AF:AF) -> 0
B23: Total | C23: =SUM(C21:C22) -> 0 | D23: =SUM(D21:D22) -> 0 | F23: =SUM(F21:F22) -> 0
B28: 2-Cronograma de captação de saving | S28: Meta | T28: =C33 -> #REF! | U28: =G32 -> Abr | X28: Projetado | Y28: =SUM(D33:G33) -> #REF!
S29: Realizado | T29: =C34 -> -990366.43 | X29: Realizado | Y29: =C34 -> -990366.43
D30: Captação | S30: % | T30: =T29/T28 -> #REF! | X30: % | Y30: =Y29/Y28 -> #REF!
D31: 0.05 | E31: 0.05 | F31: 0.05 | G31: 0.083333333 | H31: 0.083333333 | I31: 0.083333333 | J31: 0.1 | K31: 0.1 | L31: 0.1 | M31: 0.1 | N31: 0.1 | O31: 0.1
B32: Dados | C32: Meta | D32: Jan | E32: Fev | F32: Mar | G32: Abr | H32: Mai | I32: Jun | J32: Jul | K32: Ago | L32: Set | M32: Out | N32: Nov | O32: Dez | P32: carry-over
B33: Projetado | C33: =#REF!-F23 -> #REF! | D33: =$C$33*D31 -> #REF! | E33: =$C$33*E31 -> #REF! | F33: =$C$33*F31 -> #REF! | G33: =$C$33*G31 -> #REF! | H33: =$C$33*H31 -> #REF! | I33: =$C$33*I31 -> #REF! | J33: =$C$33*J31 -> #REF! | K33: =$C$33*K31 -> #REF! | ... O33: =$C$33*O31 -> #REF!
B34: Concluida | C34: =SUM(D34:O34) -> -990366.43 | D34: =SUMIFS('Equalização'!GU:GU,'Equalização'!$AH:$AH,"finalizado") -> 0 | E34: =SUMIFS('Equalização'!GV:GV,'Equalização'!$AH:$AH,"finalizado") -> 0 | F34: =SUMIFS('Equalização'!GW:GW,'Equalização'!$AH:$AH,"finalizado") -> 0 | G34: =SUMIFS('Equalização'!GX:GX,'Equalização'!$AH:$AH,"finalizado") -> 0 | H34: =SUMIFS('Equalização'!GY:GY,'Equalização'!$AH:$AH,"finalizado") -> -23.790416 | I34: =SUMIFS('Equalização'!GZ:GZ,'Equalização'!$AH:$AH,"finalizado") -> -141477.52 | J34: =SUMIFS('Equalização'!HA:HA,'Equalização'!$AH:$AH,"finalizado") -> -141477.52 | K34: =SUMIFS('Equalização'!HB:HB,'Equalização'!$AH:$AH,"finalizado") -> -141477.52 | L34: =SUMIFS('Equalização'!HC:HC,'Equalização'!$AH:$AH,"finalizado") -> -141477.52 | M34: =SUMIFS('Equalização'!HD:HD,'Equalização'!$AH:$AH,"finalizado") -> -141477.52 | N34: =SUMIFS('Equalização'!HE:HE,'Equalização'!$AH:$AH,"finalizado") -> -141477.52 | O34: =SUMIFS('Equalização'!HF:HF,'Equalização'!$AH:$AH,"finalizado") -> -141477.52 | P34: =SUMIFS('Equalização'!HH:HH,'Equalização'!$AH:$AH,"finalizado") -> -707363.81
B35: % sobre projetado | D35: =D34/D33 -> #REF! | E35: =E34/E33 -> #REF! | F35: =F34/F33 -> #REF! | G35: =G34/G33 -> #REF! | H35: =H34/H33 -> #REF! | I35: =I34/I33 -> #REF! | J35: =J34/J33 -> #REF! | K35: =K34/K33 -> #REF! | ... O35: =O34/O33 -> #REF!
B36: % sobre meta | C36: =SUM(D36:O36) -> #REF! | D36: =D34/$C$33 -> #REF! | E36: =E34/$C$33 -> #REF! | F36: =F34/$C$33 -> #REF! | G36: =G34/$C$33 -> #REF! | H36: =H34/$C$33 -> #REF! | I36: =I34/$C$33 -> #REF! | J36: =J34/$C$33 -> #REF! | K36: =K34/$C$33 -> #REF! | ... O36: =O34/$C$33 -> #REF!
